-- MariaDB dump 10.19  Distrib 10.4.32-MariaDB, for Win64 (AMD64)
--
-- Host: localhost    Database: udm_class_record_db
-- ------------------------------------------------------
-- Server version	10.4.32-MariaDB

/*!40101 SET @OLD_CHARACTER_SET_CLIENT=@@CHARACTER_SET_CLIENT */;
/*!40101 SET @OLD_CHARACTER_SET_RESULTS=@@CHARACTER_SET_RESULTS */;
/*!40101 SET @OLD_COLLATION_CONNECTION=@@COLLATION_CONNECTION */;
/*!40101 SET NAMES utf8mb4 */;
/*!40103 SET @OLD_TIME_ZONE=@@TIME_ZONE */;
/*!40103 SET TIME_ZONE='+00:00' */;
/*!40014 SET @OLD_UNIQUE_CHECKS=@@UNIQUE_CHECKS, UNIQUE_CHECKS=0 */;
/*!40014 SET @OLD_FOREIGN_KEY_CHECKS=@@FOREIGN_KEY_CHECKS, FOREIGN_KEY_CHECKS=0 */;
/*!40101 SET @OLD_SQL_MODE=@@SQL_MODE, SQL_MODE='NO_AUTO_VALUE_ON_ZERO' */;
/*!40111 SET @OLD_SQL_NOTES=@@SQL_NOTES, SQL_NOTES=0 */;

--
-- Current Database: `udm_class_record_db`
--

CREATE DATABASE /*!32312 IF NOT EXISTS*/ `udm_class_record_db` /*!40100 DEFAULT CHARACTER SET utf8mb4 COLLATE utf8mb4_general_ci */;

USE `udm_class_record_db`;

--
-- Table structure for table `calculated_period_grades`
--

DROP TABLE IF EXISTS `calculated_period_grades`;
/*!40101 SET @saved_cs_client     = @@character_set_client */;
/*!40101 SET character_set_client = utf8 */;
CREATE TABLE `calculated_period_grades` (
  `period_grade_id` int(11) NOT NULL AUTO_INCREMENT,
  `enrollment_id` int(11) DEFAULT NULL,
  `class_id` int(11) DEFAULT NULL,
  `period` enum('Preliminary','Mid-Term','Pre-Final') DEFAULT NULL,
  `period_class_standing_grade` decimal(5,2) DEFAULT NULL,
  `period_examination_grade` decimal(5,2) DEFAULT NULL,
  `total_period_grade` decimal(5,2) DEFAULT NULL,
  PRIMARY KEY (`period_grade_id`),
  UNIQUE KEY `enrollment_id` (`enrollment_id`,`class_id`,`period`)
) ENGINE=InnoDB DEFAULT CHARSET=utf8mb4 COLLATE=utf8mb4_general_ci;
/*!40101 SET character_set_client = @saved_cs_client */;

--
-- Dumping data for table `calculated_period_grades`
--

LOCK TABLES `calculated_period_grades` WRITE;
/*!40000 ALTER TABLE `calculated_period_grades` DISABLE KEYS */;
/*!40000 ALTER TABLE `calculated_period_grades` ENABLE KEYS */;
UNLOCK TABLES;

--
-- Table structure for table `classes`
--

DROP TABLE IF EXISTS `classes`;
/*!40101 SET @saved_cs_client     = @@character_set_client */;
/*!40101 SET character_set_client = utf8 */;
CREATE TABLE `classes` (
  `class_id` int(11) NOT NULL AUTO_INCREMENT,
  `teacher_id` int(11) DEFAULT NULL,
  `subject_id` int(11) DEFAULT NULL,
  `section_id` int(11) DEFAULT NULL,
  `grading_system_type` enum('numerical','final_only_numerical') DEFAULT 'numerical',
  PRIMARY KEY (`class_id`),
  KEY `teacher_id` (`teacher_id`),
  KEY `subject_id` (`subject_id`),
  KEY `section_id` (`section_id`),
  CONSTRAINT `classes_ibfk_1` FOREIGN KEY (`teacher_id`) REFERENCES `teachers` (`teacher_id`),
  CONSTRAINT `classes_ibfk_2` FOREIGN KEY (`subject_id`) REFERENCES `subjects` (`subject_id`),
  CONSTRAINT `classes_ibfk_3` FOREIGN KEY (`section_id`) REFERENCES `sections` (`section_id`)
) ENGINE=InnoDB AUTO_INCREMENT=13 DEFAULT CHARSET=utf8mb4 COLLATE=utf8mb4_general_ci;
/*!40101 SET character_set_client = @saved_cs_client */;

--
-- Dumping data for table `classes`
--

LOCK TABLES `classes` WRITE;
/*!40000 ALTER TABLE `classes` DISABLE KEYS */;
INSERT INTO `classes` VALUES (4,2,3,4,'final_only_numerical'),(5,2,3,3,'numerical'),(6,3,3,4,'final_only_numerical'),(7,3,3,3,'numerical'),(10,1,1,4,''),(11,1,3,3,'numerical'),(12,1,3,5,'final_only_numerical');
/*!40000 ALTER TABLE `classes` ENABLE KEYS */;
UNLOCK TABLES;

--
-- Table structure for table `enrollments`
--

DROP TABLE IF EXISTS `enrollments`;
/*!40101 SET @saved_cs_client     = @@character_set_client */;
/*!40101 SET character_set_client = utf8 */;
CREATE TABLE `enrollments` (
  `enrollment_id` int(11) NOT NULL AUTO_INCREMENT,
  `student_id` int(11) DEFAULT NULL,
  `class_id` int(11) DEFAULT NULL,
  PRIMARY KEY (`enrollment_id`),
  UNIQUE KEY `student_id` (`student_id`,`class_id`),
  KEY `class_id` (`class_id`),
  CONSTRAINT `enrollments_ibfk_1` FOREIGN KEY (`student_id`) REFERENCES `students` (`student_id`),
  CONSTRAINT `enrollments_ibfk_2` FOREIGN KEY (`class_id`) REFERENCES `classes` (`class_id`)
) ENGINE=InnoDB AUTO_INCREMENT=662 DEFAULT CHARSET=utf8mb4 COLLATE=utf8mb4_general_ci;
/*!40101 SET character_set_client = @saved_cs_client */;

--
-- Dumping data for table `enrollments`
--

LOCK TABLES `enrollments` WRITE;
/*!40000 ALTER TABLE `enrollments` DISABLE KEYS */;
INSERT INTO `enrollments` VALUES (165,1,4),(276,1,6),(498,1,10),(166,2,4),(277,2,6),(499,2,10),(167,3,4),(278,3,6),(500,3,10),(168,4,4),(279,4,6),(501,4,10),(169,5,4),(280,5,6),(502,5,10),(170,6,4),(281,6,6),(503,6,10),(171,7,4),(282,7,6),(504,7,10),(172,8,4),(283,8,6),(505,8,10),(173,9,4),(284,9,6),(506,9,10),(174,10,4),(285,10,6),(507,10,10),(175,11,4),(286,11,6),(508,11,10),(176,12,4),(287,12,6),(509,12,10),(177,13,4),(288,13,6),(510,13,10),(178,14,4),(289,14,6),(511,14,10),(179,15,4),(290,15,6),(512,15,10),(180,16,4),(291,16,6),(513,16,10),(181,17,4),(292,17,6),(514,17,10),(182,18,4),(293,18,6),(515,18,10),(183,19,4),(294,19,6),(516,19,10),(184,20,4),(295,20,6),(517,20,10),(185,21,4),(296,21,6),(518,21,10),(186,22,4),(297,22,6),(519,22,10),(187,23,4),(298,23,6),(520,23,10),(188,24,4),(299,24,6),(521,24,10),(189,25,4),(300,25,6),(522,25,10),(190,26,4),(301,26,6),(523,26,10),(191,27,4),(302,27,6),(524,27,10),(192,28,4),(303,28,6),(525,28,10),(193,29,4),(304,29,6),(526,29,10),(194,30,4),(305,30,6),(527,30,10),(195,31,4),(306,31,6),(528,31,10),(196,32,4),(307,32,6),(529,32,10),(197,33,4),(308,33,6),(530,33,10),(198,34,4),(309,34,6),(531,34,10),(199,35,4),(310,35,6),(532,35,10),(200,36,4),(311,36,6),(533,36,10),(201,37,4),(312,37,6),(534,37,10),(202,38,4),(313,38,6),(535,38,10),(203,39,4),(314,39,6),(536,39,10),(204,40,4),(315,40,6),(537,40,10),(205,41,4),(316,41,6),(538,41,10),(206,42,4),(317,42,6),(539,42,10),(207,43,4),(318,43,6),(540,43,10),(208,44,4),(319,44,6),(541,44,10),(209,45,4),(320,45,6),(542,45,10),(210,46,4),(321,46,6),(543,46,10),(211,47,4),(322,47,6),(544,47,10),(212,48,4),(323,48,6),(545,48,10),(213,49,4),(324,49,6),(546,49,10),(214,50,4),(325,50,6),(547,50,10),(215,51,4),(326,51,6),(548,51,10),(216,52,4),(327,52,6),(549,52,10),(217,53,4),(328,53,6),(550,53,10),(218,54,4),(329,54,6),(551,54,10),(609,55,12),(610,56,12),(611,57,12),(612,58,12),(613,59,12),(614,60,12),(615,61,12),(616,62,12),(617,63,12),(618,64,12),(619,65,12),(620,66,12),(621,67,12),(622,68,12),(623,69,12),(624,70,12),(625,71,12),(626,72,12),(627,73,12),(628,74,12),(629,75,12),(630,76,12),(631,77,12),(632,78,12),(633,79,12),(634,80,12),(635,81,12),(636,82,12),(637,83,12),(638,84,12),(639,85,12),(640,86,12),(641,87,12),(642,88,12),(643,89,12),(644,90,12),(645,91,12),(646,92,12),(647,93,12),(648,94,12),(649,95,12),(650,96,12),(651,97,12),(652,98,12),(653,99,12),(654,100,12),(655,101,12),(656,102,12),(657,103,12),(658,104,12),(659,105,12),(660,106,12),(661,107,12),(219,108,5),(330,108,7),(552,108,11),(220,109,5),(331,109,7),(553,109,11),(221,110,5),(332,110,7),(554,110,11),(222,111,5),(333,111,7),(555,111,11),(223,112,5),(334,112,7),(556,112,11),(224,113,5),(335,113,7),(557,113,11),(225,114,5),(336,114,7),(558,114,11),(226,115,5),(337,115,7),(559,115,11),(227,116,5),(338,116,7),(560,116,11),(228,117,5),(339,117,7),(561,117,11),(229,118,5),(340,118,7),(562,118,11),(230,119,5),(341,119,7),(563,119,11),(231,120,5),(342,120,7),(564,120,11),(232,121,5),(343,121,7),(565,121,11),(233,122,5),(344,122,7),(566,122,11),(234,123,5),(345,123,7),(567,123,11),(235,124,5),(346,124,7),(568,124,11),(236,125,5),(347,125,7),(569,125,11),(237,126,5),(348,126,7),(570,126,11),(238,127,5),(349,127,7),(571,127,11),(239,128,5),(350,128,7),(572,128,11),(240,129,5),(351,129,7),(573,129,11),(241,130,5),(352,130,7),(574,130,11),(242,131,5),(353,131,7),(575,131,11),(243,132,5),(354,132,7),(576,132,11),(244,133,5),(355,133,7),(577,133,11),(245,134,5),(356,134,7),(578,134,11),(246,135,5),(357,135,7),(579,135,11),(247,136,5),(358,136,7),(580,136,11),(248,137,5),(359,137,7),(581,137,11),(249,138,5),(360,138,7),(582,138,11),(250,139,5),(361,139,7),(583,139,11),(251,140,5),(362,140,7),(584,140,11),(252,141,5),(363,141,7),(585,141,11),(253,142,5),(364,142,7),(586,142,11),(254,143,5),(365,143,7),(587,143,11),(255,144,5),(366,144,7),(588,144,11),(256,145,5),(367,145,7),(589,145,11),(257,146,5),(368,146,7),(590,146,11),(258,147,5),(369,147,7),(591,147,11),(259,148,5),(370,148,7),(592,148,11),(260,149,5),(371,149,7),(593,149,11),(261,150,5),(372,150,7),(594,150,11),(262,151,5),(373,151,7),(595,151,11),(263,152,5),(374,152,7),(596,152,11),(264,153,5),(375,153,7),(597,153,11),(265,154,5),(376,154,7),(598,154,11),(266,155,5),(377,155,7),(599,155,11),(267,156,5),(378,156,7),(600,156,11),(268,157,5),(379,157,7),(601,157,11),(269,158,5),(380,158,7),(602,158,11),(270,159,5),(381,159,7),(603,159,11),(271,160,5),(382,160,7),(604,160,11),(272,161,5),(383,161,7),(605,161,11),(273,162,5),(384,162,7),(606,162,11),(274,163,5),(385,163,7),(607,163,11),(275,164,5),(386,164,7),(608,164,11);
/*!40000 ALTER TABLE `enrollments` ENABLE KEYS */;
UNLOCK TABLES;

--
-- Table structure for table `final_grades`
--

DROP TABLE IF EXISTS `final_grades`;
/*!40101 SET @saved_cs_client     = @@character_set_client */;
/*!40101 SET character_set_client = utf8 */;
CREATE TABLE `final_grades` (
  `final_grade_id` int(11) NOT NULL AUTO_INCREMENT,
  `enrollment_id` int(11) DEFAULT NULL,
  `class_id` int(11) DEFAULT NULL,
  `overall_final_grade` decimal(5,2) DEFAULT NULL,
  `remarks` varchar(20) DEFAULT NULL,
  `final_change_timestamp` timestamp NOT NULL DEFAULT current_timestamp() ON UPDATE current_timestamp(),
  PRIMARY KEY (`final_grade_id`),
  UNIQUE KEY `enrollment_id` (`enrollment_id`,`class_id`)
) ENGINE=InnoDB AUTO_INCREMENT=551 DEFAULT CHARSET=utf8mb4 COLLATE=utf8mb4_general_ci;
/*!40101 SET character_set_client = @saved_cs_client */;

--
-- Dumping data for table `final_grades`
--

LOCK TABLES `final_grades` WRITE;
/*!40000 ALTER TABLE `final_grades` DISABLE KEYS */;
INSERT INTO `final_grades` VALUES (280,1,1,0.00,'Excellent','2025-05-22 14:31:41'),(282,2,1,0.00,NULL,'2025-05-22 14:31:41'),(283,3,1,0.00,NULL,'2025-05-22 14:31:41'),(284,4,1,0.00,NULL,'2025-05-22 14:31:41'),(285,5,1,0.00,NULL,'2025-05-22 14:31:41'),(286,6,1,0.00,NULL,'2025-05-22 14:31:41'),(287,7,1,0.00,NULL,'2025-05-22 14:31:41'),(288,8,1,0.00,NULL,'2025-05-22 14:31:41'),(289,9,1,0.00,NULL,'2025-05-22 14:31:41'),(290,10,1,0.00,NULL,'2025-05-22 14:31:41'),(291,11,1,0.00,NULL,'2025-05-22 14:31:41'),(292,12,1,0.00,NULL,'2025-05-22 14:31:41'),(293,13,1,0.00,NULL,'2025-05-22 14:31:42'),(294,14,1,0.00,NULL,'2025-05-22 14:31:42'),(295,15,1,0.00,NULL,'2025-05-22 14:31:42'),(296,16,1,0.00,NULL,'2025-05-22 14:31:42'),(297,17,1,0.00,NULL,'2025-05-22 14:31:42'),(298,18,1,0.00,NULL,'2025-05-22 14:31:42'),(299,19,1,0.00,NULL,'2025-05-22 14:31:42'),(300,20,1,0.00,NULL,'2025-05-22 14:31:42'),(301,21,1,0.00,NULL,'2025-05-22 14:31:42'),(302,22,1,0.00,NULL,'2025-05-22 14:31:42'),(303,23,1,0.00,NULL,'2025-05-22 14:31:42'),(304,24,1,0.00,NULL,'2025-05-22 14:31:42'),(305,25,1,0.00,NULL,'2025-05-22 14:31:42'),(306,26,1,0.00,NULL,'2025-05-22 14:31:42'),(307,27,1,0.00,NULL,'2025-05-22 14:31:42'),(308,28,1,0.00,NULL,'2025-05-22 14:31:42'),(309,29,1,0.00,NULL,'2025-05-22 14:31:42'),(310,30,1,0.00,NULL,'2025-05-22 14:31:43'),(311,31,1,0.00,NULL,'2025-05-22 14:31:43'),(312,32,1,0.00,NULL,'2025-05-22 14:31:43'),(313,33,1,0.00,NULL,'2025-05-22 14:31:43'),(314,34,1,0.00,NULL,'2025-05-22 14:31:43'),(315,35,1,0.00,NULL,'2025-05-22 14:31:43'),(316,36,1,0.00,NULL,'2025-05-22 14:31:43'),(317,37,1,0.00,NULL,'2025-05-22 14:31:43'),(318,38,1,0.00,NULL,'2025-05-22 14:31:43'),(319,39,1,0.00,NULL,'2025-05-22 14:31:43'),(320,40,1,0.00,NULL,'2025-05-22 14:31:43'),(321,41,1,0.00,NULL,'2025-05-22 14:31:43'),(322,42,1,0.00,NULL,'2025-05-22 14:31:43'),(323,43,1,0.00,NULL,'2025-05-22 14:31:43'),(324,44,1,0.00,NULL,'2025-05-22 14:31:43'),(325,45,1,0.00,NULL,'2025-05-22 14:31:44'),(326,46,1,0.00,NULL,'2025-05-22 14:31:44'),(327,47,1,0.00,NULL,'2025-05-22 14:31:44'),(328,48,1,0.00,NULL,'2025-05-22 14:31:44'),(329,49,1,0.00,NULL,'2025-05-22 14:31:44'),(330,50,1,0.00,NULL,'2025-05-22 14:31:44'),(331,51,1,0.00,NULL,'2025-05-22 14:31:44'),(332,52,1,0.00,NULL,'2025-05-22 14:31:44'),(333,53,1,0.00,NULL,'2025-05-22 14:31:44'),(334,54,1,0.00,NULL,'2025-05-22 14:31:44'),(443,498,10,0.00,NULL,'2025-05-25 17:49:23'),(444,499,10,0.00,NULL,'2025-05-25 17:49:23'),(445,500,10,0.00,NULL,'2025-05-25 17:49:23'),(446,501,10,0.00,NULL,'2025-05-25 17:49:23'),(447,502,10,0.00,NULL,'2025-05-25 17:49:23'),(448,503,10,0.00,NULL,'2025-05-25 17:49:23'),(449,504,10,0.00,NULL,'2025-05-25 17:49:24'),(450,505,10,0.00,NULL,'2025-05-25 17:49:24'),(451,506,10,0.00,NULL,'2025-05-25 17:49:24'),(452,507,10,0.00,NULL,'2025-05-25 17:49:24'),(453,508,10,0.00,NULL,'2025-05-25 17:49:24'),(454,509,10,0.00,NULL,'2025-05-25 17:49:24'),(455,510,10,0.00,NULL,'2025-05-25 17:49:24'),(456,511,10,0.00,NULL,'2025-05-25 17:49:24'),(457,512,10,0.00,NULL,'2025-05-25 17:49:24'),(458,513,10,0.00,NULL,'2025-05-25 17:49:24'),(459,514,10,0.00,NULL,'2025-05-25 17:49:24'),(460,515,10,0.00,NULL,'2025-05-25 17:49:24'),(461,516,10,0.00,NULL,'2025-05-25 17:49:24'),(462,517,10,0.00,NULL,'2025-05-25 17:49:24'),(463,518,10,0.00,NULL,'2025-05-25 17:49:24'),(464,519,10,0.00,NULL,'2025-05-25 17:49:24'),(465,520,10,0.00,NULL,'2025-05-25 17:49:24'),(466,521,10,0.00,NULL,'2025-05-25 17:49:24'),(467,522,10,0.00,NULL,'2025-05-25 17:49:24'),(468,523,10,0.00,NULL,'2025-05-25 17:49:25'),(469,524,10,0.00,NULL,'2025-05-25 17:49:25'),(470,525,10,0.00,NULL,'2025-05-25 17:49:25'),(471,526,10,0.00,NULL,'2025-05-25 17:49:25'),(472,527,10,0.00,NULL,'2025-05-25 17:49:25'),(473,528,10,0.00,NULL,'2025-05-25 17:49:25'),(474,529,10,0.00,NULL,'2025-05-25 17:49:25'),(475,530,10,0.00,NULL,'2025-05-25 17:49:25'),(476,531,10,0.00,NULL,'2025-05-25 17:49:25'),(478,532,10,0.00,NULL,'2025-05-25 17:49:25'),(480,533,10,0.00,NULL,'2025-05-25 17:49:25'),(482,534,10,0.00,NULL,'2025-05-25 17:49:25'),(484,535,10,0.00,NULL,'2025-05-25 17:49:25'),(486,536,10,0.00,NULL,'2025-05-25 17:49:26'),(488,537,10,0.00,NULL,'2025-05-25 17:49:26'),(490,538,10,0.00,NULL,'2025-05-25 17:49:26'),(492,539,10,0.00,NULL,'2025-05-25 17:49:26'),(494,540,10,0.00,NULL,'2025-05-25 17:49:26'),(496,541,10,0.00,NULL,'2025-05-25 17:49:26'),(498,542,10,0.00,NULL,'2025-05-25 17:49:26'),(500,543,10,0.00,NULL,'2025-05-25 17:49:26'),(502,544,10,0.00,NULL,'2025-05-25 17:49:26'),(504,545,10,0.00,NULL,'2025-05-25 17:49:26'),(506,546,10,0.00,NULL,'2025-05-25 17:49:27'),(508,547,10,0.00,NULL,'2025-05-25 17:49:27'),(510,548,10,0.00,NULL,'2025-05-25 17:49:27'),(513,549,10,0.00,NULL,'2025-05-25 17:49:27'),(515,550,10,0.00,NULL,'2025-05-25 17:49:27'),(517,551,10,0.00,NULL,'2025-05-25 17:49:27');
/*!40000 ALTER TABLE `final_grades` ENABLE KEYS */;
UNLOCK TABLES;

--
-- Table structure for table `grade_components`
--

DROP TABLE IF EXISTS `grade_components`;
/*!40101 SET @saved_cs_client     = @@character_set_client */;
/*!40101 SET character_set_client = utf8 */;
CREATE TABLE `grade_components` (
  `component_id` int(11) NOT NULL AUTO_INCREMENT,
  `class_id` int(11) DEFAULT NULL,
  `component_name` varchar(100) DEFAULT NULL,
  `period` enum('Preliminary','Mid-Term','Pre-Final') DEFAULT NULL,
  `type` enum('Class Standing','Examination','Attendance_Component') DEFAULT NULL,
  `max_score` decimal(5,2) DEFAULT NULL,
  `is_attendance_based` tinyint(1) DEFAULT 0,
  `is_locked` tinyint(1) DEFAULT 0,
  `weight` decimal(5,2) DEFAULT 0.00,
  PRIMARY KEY (`component_id`),
  KEY `class_id` (`class_id`),
  CONSTRAINT `grade_components_ibfk_1` FOREIGN KEY (`class_id`) REFERENCES `classes` (`class_id`)
) ENGINE=InnoDB AUTO_INCREMENT=43 DEFAULT CHARSET=utf8mb4 COLLATE=utf8mb4_general_ci;
/*!40101 SET character_set_client = @saved_cs_client */;

--
-- Dumping data for table `grade_components`
--

LOCK TABLES `grade_components` WRITE;
/*!40000 ALTER TABLE `grade_components` DISABLE KEYS */;
INSERT INTO `grade_components` VALUES (11,4,'Final Grade','','',100.00,0,0,0.00),(12,5,'Quiz Prelim','','',100.00,0,0,0.00),(13,5,'Midterm Exam','','',10.00,0,0,0.00),(14,5,'Final Exam','','',10.00,0,0,0.00),(15,4,'Attendance - Preliminary','Preliminary','Attendance_Component',0.00,1,0,0.00),(16,4,'Attendance - Mid-Term','Mid-Term','Attendance_Component',0.00,1,0,0.00),(17,6,'Attendance - Preliminary','Preliminary','Attendance_Component',0.00,1,0,0.00),(18,6,'Attendance - Mid-Term','Mid-Term','Attendance_Component',0.00,1,0,0.00),(37,10,'Attendance - Preliminary','Preliminary','Attendance_Component',0.00,1,0,0.00),(38,10,'Attendance - Mid-Term','Mid-Term','Attendance_Component',0.00,1,1,0.00),(39,10,'Pre-Final Grade','Pre-Final','',100.00,0,1,0.00),(40,12,'Attendance - Preliminary','Preliminary','Attendance_Component',0.00,1,0,0.00),(41,12,'Attendance - Mid-Term','Mid-Term','Attendance_Component',0.00,1,1,0.00),(42,12,'Pre-Final Grade','Pre-Final','',100.00,0,1,0.00);
/*!40000 ALTER TABLE `grade_components` ENABLE KEYS */;
UNLOCK TABLES;

--
-- Table structure for table `grade_history`
--

DROP TABLE IF EXISTS `grade_history`;
/*!40101 SET @saved_cs_client     = @@character_set_client */;
/*!40101 SET character_set_client = utf8 */;
CREATE TABLE `grade_history` (
  `history_id` int(11) NOT NULL AUTO_INCREMENT,
  `class_id` int(11) NOT NULL,
  `enrollment_id` int(11) NOT NULL,
  `teacher_id` int(11) NOT NULL,
  `grade_type` varchar(100) NOT NULL,
  `old_value` varchar(255) DEFAULT NULL,
  `new_value` varchar(255) NOT NULL,
  `change_timestamp` datetime DEFAULT current_timestamp(),
  PRIMARY KEY (`history_id`),
  KEY `class_id` (`class_id`),
  KEY `enrollment_id` (`enrollment_id`),
  KEY `teacher_id` (`teacher_id`),
  CONSTRAINT `grade_history_ibfk_1` FOREIGN KEY (`class_id`) REFERENCES `classes` (`class_id`) ON DELETE CASCADE,
  CONSTRAINT `grade_history_ibfk_2` FOREIGN KEY (`enrollment_id`) REFERENCES `enrollments` (`enrollment_id`) ON DELETE CASCADE,
  CONSTRAINT `grade_history_ibfk_3` FOREIGN KEY (`teacher_id`) REFERENCES `teachers` (`teacher_id`) ON DELETE CASCADE
) ENGINE=InnoDB AUTO_INCREMENT=1525 DEFAULT CHARSET=utf8mb4 COLLATE=utf8mb4_general_ci;
/*!40101 SET character_set_client = @saved_cs_client */;

--
-- Dumping data for table `grade_history`
--

LOCK TABLES `grade_history` WRITE;
/*!40000 ALTER TABLE `grade_history` DISABLE KEYS */;
/*!40000 ALTER TABLE `grade_history` ENABLE KEYS */;
UNLOCK TABLES;

--
-- Table structure for table `password_resets`
--

DROP TABLE IF EXISTS `password_resets`;
/*!40101 SET @saved_cs_client     = @@character_set_client */;
/*!40101 SET character_set_client = utf8 */;
CREATE TABLE `password_resets` (
  `id` int(11) NOT NULL AUTO_INCREMENT,
  `email` varchar(100) DEFAULT NULL,
  `token` varchar(255) DEFAULT NULL,
  `expires_at` datetime DEFAULT NULL,
  PRIMARY KEY (`id`)
) ENGINE=InnoDB AUTO_INCREMENT=11 DEFAULT CHARSET=utf8mb4 COLLATE=utf8mb4_general_ci;
/*!40101 SET character_set_client = @saved_cs_client */;

--
-- Dumping data for table `password_resets`
--

LOCK TABLES `password_resets` WRITE;
/*!40000 ALTER TABLE `password_resets` DISABLE KEYS */;
/*!40000 ALTER TABLE `password_resets` ENABLE KEYS */;
UNLOCK TABLES;

--
-- Table structure for table `sections`
--

DROP TABLE IF EXISTS `sections`;
/*!40101 SET @saved_cs_client     = @@character_set_client */;
/*!40101 SET character_set_client = utf8 */;
CREATE TABLE `sections` (
  `section_id` int(11) NOT NULL AUTO_INCREMENT,
  `section_name` varchar(50) DEFAULT NULL,
  `academic_year` varchar(20) DEFAULT NULL,
  `semester` varchar(20) DEFAULT NULL,
  PRIMARY KEY (`section_id`)
) ENGINE=InnoDB AUTO_INCREMENT=6 DEFAULT CHARSET=utf8mb4 COLLATE=utf8mb4_general_ci;
/*!40101 SET character_set_client = @saved_cs_client */;

--
-- Dumping data for table `sections`
--

LOCK TABLES `sections` WRITE;
/*!40000 ALTER TABLE `sections` DISABLE KEYS */;
INSERT INTO `sections` VALUES (1,'COE-41',NULL,NULL),(2,'COE-42',NULL,NULL),(3,'BSIT-11','',''),(4,'COE-41','',''),(5,'COE-42','','');
/*!40000 ALTER TABLE `sections` ENABLE KEYS */;
UNLOCK TABLES;

--
-- Table structure for table `student_grades`
--

DROP TABLE IF EXISTS `student_grades`;
/*!40101 SET @saved_cs_client     = @@character_set_client */;
/*!40101 SET character_set_client = utf8 */;
CREATE TABLE `student_grades` (
  `grade_id` int(11) NOT NULL AUTO_INCREMENT,
  `enrollment_id` int(11) DEFAULT NULL,
  `component_id` int(11) DEFAULT NULL,
  `score` decimal(5,2) DEFAULT NULL,
  `attendance_status` enum('A','NA') DEFAULT NULL,
  PRIMARY KEY (`grade_id`),
  UNIQUE KEY `enrollment_id` (`enrollment_id`,`component_id`),
  KEY `component_id` (`component_id`),
  CONSTRAINT `student_grades_ibfk_1` FOREIGN KEY (`enrollment_id`) REFERENCES `enrollments` (`enrollment_id`),
  CONSTRAINT `student_grades_ibfk_2` FOREIGN KEY (`component_id`) REFERENCES `grade_components` (`component_id`) ON DELETE CASCADE
) ENGINE=InnoDB AUTO_INCREMENT=1474 DEFAULT CHARSET=utf8mb4 COLLATE=utf8mb4_general_ci;
/*!40101 SET character_set_client = @saved_cs_client */;

--
-- Dumping data for table `student_grades`
--

LOCK TABLES `student_grades` WRITE;
/*!40000 ALTER TABLE `student_grades` DISABLE KEYS */;
INSERT INTO `student_grades` VALUES (279,165,11,100.00,NULL),(282,166,11,99.00,NULL),(285,167,11,98.00,NULL),(288,168,11,97.00,NULL),(291,169,11,96.00,NULL),(294,170,11,60.00,NULL),(297,171,11,95.00,NULL),(300,172,11,94.00,NULL),(303,173,11,93.00,NULL),(306,174,11,93.00,NULL),(309,175,11,92.00,NULL),(312,176,11,91.00,NULL),(315,177,11,90.00,NULL),(318,178,11,89.00,NULL),(321,179,11,88.00,NULL),(324,180,11,86.00,NULL),(327,181,11,87.00,NULL),(330,182,11,87.00,NULL),(333,183,11,98.00,NULL),(336,184,11,76.00,NULL),(339,185,11,99.00,NULL),(342,186,11,80.00,NULL),(345,187,11,90.00,NULL),(348,188,11,90.00,NULL),(351,189,11,97.00,NULL),(354,190,11,90.00,NULL),(357,191,11,75.00,NULL),(360,192,11,87.00,NULL),(363,193,11,84.00,NULL),(366,194,11,83.00,NULL),(369,195,11,82.00,NULL),(372,196,11,81.00,NULL),(375,197,11,79.00,NULL),(378,198,11,74.00,NULL),(381,199,11,99.00,NULL),(384,200,11,75.00,NULL),(387,201,11,95.00,NULL),(390,202,11,78.00,NULL),(393,203,11,100.00,NULL),(396,204,11,76.00,NULL),(399,205,11,60.00,NULL),(402,206,11,80.00,NULL),(405,207,11,82.00,NULL),(408,208,11,81.00,NULL),(411,209,11,83.00,NULL),(414,210,11,85.00,NULL),(417,211,11,80.00,NULL),(420,212,11,77.00,NULL),(423,213,11,76.00,NULL),(426,214,11,78.00,NULL),(429,215,11,79.00,NULL),(432,216,11,91.00,NULL),(435,217,11,80.00,NULL),(438,218,11,98.00,NULL),(439,219,12,80.00,NULL),(440,220,12,80.00,NULL),(441,221,12,80.00,NULL),(442,222,12,80.00,NULL),(443,223,12,80.00,NULL),(444,224,12,80.00,NULL),(445,225,12,80.00,NULL),(446,226,12,80.00,NULL),(447,227,12,80.00,NULL),(448,228,12,80.00,NULL),(449,229,12,80.00,NULL),(450,230,12,80.00,NULL),(451,231,12,80.00,NULL),(452,232,12,80.00,NULL),(453,233,12,80.00,NULL),(454,234,12,80.00,NULL),(455,235,12,80.00,NULL),(456,236,12,80.00,NULL),(457,237,12,80.00,NULL),(458,238,12,80.00,NULL),(459,239,12,80.00,NULL),(460,240,12,80.00,NULL),(461,241,12,80.00,NULL),(462,242,12,80.00,NULL),(463,243,12,80.00,NULL),(464,244,12,80.00,NULL),(465,245,12,80.00,NULL),(466,246,12,80.00,NULL),(467,247,12,80.00,NULL),(468,248,12,80.00,NULL),(469,249,12,80.00,NULL),(470,250,12,80.00,NULL),(471,251,12,80.00,NULL),(472,252,12,80.00,NULL),(473,253,12,80.00,NULL),(474,254,12,80.00,NULL),(475,255,12,80.00,NULL),(476,256,12,80.00,NULL),(477,257,12,80.00,NULL),(478,258,12,80.00,NULL),(479,259,12,80.00,NULL),(480,260,12,80.00,NULL),(481,261,12,80.00,NULL),(482,262,12,80.00,NULL),(483,263,12,80.00,NULL),(484,264,12,80.00,NULL),(485,265,12,80.00,NULL),(486,266,12,80.00,NULL),(487,267,12,80.00,NULL),(488,268,12,80.00,NULL),(489,269,12,80.00,NULL),(490,270,12,80.00,NULL),(491,271,12,80.00,NULL),(492,272,12,80.00,NULL),(493,273,12,80.00,NULL),(494,274,12,80.00,NULL),(495,275,12,80.00,NULL),(496,219,13,8.00,NULL),(497,219,14,7.00,NULL),(498,220,13,8.00,NULL),(499,220,14,7.00,NULL),(500,221,13,8.00,NULL),(501,221,14,7.00,NULL),(502,222,13,8.00,NULL),(503,222,14,7.00,NULL),(504,223,13,8.00,NULL),(505,223,14,7.00,NULL),(506,224,13,8.00,NULL),(507,224,14,7.00,NULL),(508,225,13,8.00,NULL),(509,225,14,7.00,NULL),(510,226,13,8.00,NULL),(511,226,14,7.00,NULL),(512,227,13,8.00,NULL),(513,227,14,7.00,NULL),(514,228,13,8.00,NULL),(515,228,14,7.00,NULL),(516,229,13,8.00,NULL),(517,229,14,7.00,NULL),(518,230,13,8.00,NULL),(519,230,14,7.00,NULL),(520,231,13,8.00,NULL),(521,231,14,7.00,NULL),(522,232,13,8.00,NULL),(523,232,14,7.00,NULL),(524,233,13,8.00,NULL),(525,233,14,7.00,NULL),(526,234,13,8.00,NULL),(527,234,14,7.00,NULL),(528,235,13,8.00,NULL),(529,235,14,7.00,NULL),(530,236,13,8.00,NULL),(531,236,14,7.00,NULL),(532,237,13,8.00,NULL),(533,237,14,7.00,NULL),(534,238,13,8.00,NULL),(535,238,14,7.00,NULL),(536,239,13,8.00,NULL),(537,239,14,7.00,NULL),(538,240,13,8.00,NULL),(539,240,14,7.00,NULL),(540,241,13,8.00,NULL),(541,241,14,7.00,NULL),(542,242,13,8.00,NULL),(543,242,14,7.00,NULL),(544,243,13,8.00,NULL),(545,243,14,7.00,NULL),(546,244,13,8.00,NULL),(547,244,14,7.00,NULL),(548,245,13,8.00,NULL),(549,245,14,7.00,NULL),(550,246,13,8.00,NULL),(551,246,14,7.00,NULL),(552,247,13,8.00,NULL),(553,247,14,7.00,NULL),(554,248,13,8.00,NULL),(555,248,14,7.00,NULL),(556,249,13,8.00,NULL),(557,249,14,7.00,NULL),(558,250,13,8.00,NULL),(559,250,14,7.00,NULL),(560,251,13,8.00,NULL),(561,251,14,7.00,NULL),(562,252,13,8.00,NULL),(563,252,14,7.00,NULL),(564,253,13,8.00,NULL),(565,253,14,7.00,NULL),(566,254,13,8.00,NULL),(567,254,14,7.00,NULL),(568,255,13,8.00,NULL),(569,255,14,7.00,NULL),(570,256,13,8.00,NULL),(571,256,14,7.00,NULL),(572,257,13,8.00,NULL),(573,257,14,7.00,NULL),(574,258,13,8.00,NULL),(575,258,14,7.00,NULL),(576,259,13,8.00,NULL),(577,259,14,7.00,NULL),(578,260,13,8.00,NULL),(579,260,14,7.00,NULL),(580,261,13,8.00,NULL),(581,261,14,7.00,NULL),(582,262,13,8.00,NULL),(583,262,14,7.00,NULL),(584,263,13,8.00,NULL),(585,263,14,7.00,NULL),(586,264,13,8.00,NULL),(587,264,14,7.00,NULL),(588,265,13,8.00,NULL),(589,265,14,7.00,NULL),(590,266,13,8.00,NULL),(591,266,14,7.00,NULL),(592,267,13,8.00,NULL),(593,267,14,7.00,NULL),(594,268,13,8.00,NULL),(595,268,14,7.00,NULL),(596,269,13,8.00,NULL),(597,269,14,7.00,NULL),(598,270,13,8.00,NULL),(599,270,14,7.00,NULL),(600,271,13,8.00,NULL),(601,271,14,7.00,NULL),(602,272,13,8.00,NULL),(603,272,14,7.00,NULL),(604,273,13,8.00,NULL),(605,273,14,7.00,NULL),(606,274,13,8.00,NULL),(607,274,14,7.00,NULL),(608,275,13,8.00,NULL),(609,275,14,7.00,NULL),(610,165,15,NULL,'A'),(611,165,16,NULL,'A'),(612,166,15,NULL,'A'),(613,166,16,NULL,'A'),(614,167,15,NULL,'A'),(615,167,16,NULL,'A'),(616,168,15,NULL,'A'),(617,168,16,NULL,'A'),(618,169,15,NULL,'A'),(619,169,16,NULL,'A'),(620,170,15,NULL,'A'),(621,170,16,NULL,'A'),(622,171,15,NULL,'A'),(623,171,16,NULL,'A'),(624,172,15,NULL,'A'),(625,172,16,NULL,'A'),(626,173,15,NULL,'A'),(627,173,16,NULL,'A'),(628,174,15,NULL,'A'),(629,174,16,NULL,'A'),(630,175,15,NULL,'A'),(631,175,16,NULL,'A'),(632,176,15,NULL,'A'),(633,176,16,NULL,'A'),(634,177,15,NULL,'A'),(635,177,16,NULL,'A'),(636,178,15,NULL,'A'),(637,178,16,NULL,'A'),(638,179,15,NULL,'A'),(639,179,16,NULL,'A'),(640,180,15,NULL,'A'),(641,180,16,NULL,'A'),(642,181,15,NULL,'A'),(643,181,16,NULL,'A'),(644,182,15,NULL,'A'),(645,182,16,NULL,'A'),(646,183,15,NULL,'A'),(647,183,16,NULL,'A'),(648,184,15,NULL,'A'),(649,184,16,NULL,'A'),(650,185,15,NULL,'A'),(651,185,16,NULL,'A'),(652,186,15,NULL,'A'),(653,186,16,NULL,'A'),(654,187,15,NULL,'A'),(655,187,16,NULL,'A'),(656,188,15,NULL,'A'),(657,188,16,NULL,'A'),(658,189,15,NULL,'A'),(659,189,16,NULL,'A'),(660,190,15,NULL,'A'),(661,190,16,NULL,'A'),(662,191,15,NULL,'A'),(663,191,16,NULL,'A'),(664,192,15,NULL,'A'),(665,192,16,NULL,'A'),(666,193,15,NULL,'A'),(667,193,16,NULL,'A'),(668,194,15,NULL,'A'),(669,194,16,NULL,'A'),(670,195,15,NULL,'A'),(671,195,16,NULL,'A'),(672,196,15,NULL,'A'),(673,196,16,NULL,'A'),(674,197,15,NULL,'A'),(675,197,16,NULL,'A'),(676,198,15,NULL,'A'),(677,198,16,NULL,'A'),(678,199,15,NULL,'A'),(679,199,16,NULL,'A'),(680,200,15,NULL,'A'),(681,200,16,NULL,'A'),(682,201,15,NULL,'A'),(683,201,16,NULL,'A'),(684,202,15,NULL,'A'),(685,202,16,NULL,'A'),(686,203,15,NULL,'A'),(687,203,16,NULL,'A'),(688,204,15,NULL,'A'),(689,204,16,NULL,'A'),(690,205,15,NULL,'A'),(691,205,16,NULL,'A'),(692,206,15,NULL,'A'),(693,206,16,NULL,'A'),(694,207,15,NULL,'A'),(695,207,16,NULL,'A'),(696,208,15,NULL,'A'),(697,208,16,NULL,'A'),(698,209,15,NULL,'A'),(699,209,16,NULL,'A'),(700,210,15,NULL,'A'),(701,210,16,NULL,'A'),(702,211,15,NULL,'A'),(703,211,16,NULL,'A'),(704,212,15,NULL,'A'),(705,212,16,NULL,'A'),(706,213,15,NULL,'A'),(707,213,16,NULL,'A'),(708,214,15,NULL,'A'),(709,214,16,NULL,'A'),(710,215,15,NULL,'A'),(711,215,16,NULL,'A'),(712,216,15,NULL,'A'),(713,216,16,NULL,'A'),(714,217,15,NULL,'A'),(715,217,16,NULL,'A'),(716,218,15,NULL,'A'),(717,218,16,NULL,'A'),(718,276,17,NULL,'A'),(719,276,18,NULL,'A'),(720,277,17,NULL,'A'),(721,277,18,NULL,'A'),(722,278,17,NULL,'A'),(723,278,18,NULL,'A'),(724,279,17,NULL,'A'),(725,279,18,NULL,'A'),(726,280,17,NULL,'A'),(727,280,18,NULL,'A'),(728,281,17,NULL,'A'),(729,281,18,NULL,'A'),(730,282,17,NULL,'A'),(731,282,18,NULL,'A'),(732,283,17,NULL,'A'),(733,283,18,NULL,'A'),(734,284,17,NULL,'A'),(735,284,18,NULL,'A'),(736,285,17,NULL,'A'),(737,285,18,NULL,'A'),(738,286,17,NULL,'A'),(739,286,18,NULL,'A'),(740,287,17,NULL,'A'),(741,287,18,NULL,'A'),(742,288,17,NULL,'A'),(743,288,18,NULL,'A'),(744,289,17,NULL,'A'),(745,289,18,NULL,'A'),(746,290,17,NULL,'A'),(747,290,18,NULL,'A'),(748,291,17,NULL,'A'),(749,291,18,NULL,'A'),(750,292,17,NULL,'A'),(751,292,18,NULL,'A'),(752,293,17,NULL,'A'),(753,293,18,NULL,'A'),(754,294,17,NULL,'A'),(755,294,18,NULL,'A'),(756,295,17,NULL,'A'),(757,295,18,NULL,'A'),(758,296,17,NULL,'A'),(759,296,18,NULL,'A'),(760,297,17,NULL,'A'),(761,297,18,NULL,'A'),(762,298,17,NULL,'A'),(763,298,18,NULL,'A'),(764,299,17,NULL,'A'),(765,299,18,NULL,'A'),(766,300,17,NULL,'A'),(767,300,18,NULL,'A'),(768,301,17,NULL,'A'),(769,301,18,NULL,'A'),(770,302,17,NULL,'A'),(771,302,18,NULL,'A'),(772,303,17,NULL,'A'),(773,303,18,NULL,'A'),(774,304,17,NULL,'A'),(775,304,18,NULL,'A'),(776,305,17,NULL,'A'),(777,305,18,NULL,'A'),(778,306,17,NULL,'A'),(779,306,18,NULL,'A'),(780,307,17,NULL,'A'),(781,307,18,NULL,'A'),(782,308,17,NULL,'A'),(783,308,18,NULL,'A'),(784,309,17,NULL,'A'),(785,309,18,NULL,'A'),(786,310,17,NULL,'A'),(787,310,18,NULL,'A'),(788,311,17,NULL,'A'),(789,311,18,NULL,'A'),(790,312,17,NULL,'A'),(791,312,18,NULL,'A'),(792,313,17,NULL,'A'),(793,313,18,NULL,'A'),(794,314,17,NULL,'A'),(795,314,18,NULL,'A'),(796,315,17,NULL,'A'),(797,315,18,NULL,'A'),(798,316,17,NULL,'A'),(799,316,18,NULL,'A'),(800,317,17,NULL,'A'),(801,317,18,NULL,'A'),(802,318,17,NULL,'A'),(803,318,18,NULL,'A'),(804,319,17,NULL,'A'),(805,319,18,NULL,'A'),(806,320,17,NULL,'A'),(807,320,18,NULL,'A'),(808,321,17,NULL,'A'),(809,321,18,NULL,'A'),(810,322,17,NULL,'A'),(811,322,18,NULL,'A'),(812,323,17,NULL,'A'),(813,323,18,NULL,'A'),(814,324,17,NULL,'A'),(815,324,18,NULL,'A'),(816,325,17,NULL,'A'),(817,325,18,NULL,'A'),(818,326,17,NULL,'A'),(819,326,18,NULL,'A'),(820,327,17,NULL,'A'),(821,327,18,NULL,'A'),(822,328,17,NULL,'A'),(823,328,18,NULL,'A'),(824,329,17,NULL,'A'),(825,329,18,NULL,'A'),(1258,498,37,NULL,'NA'),(1259,498,38,NULL,'NA'),(1260,499,37,NULL,'NA'),(1261,499,38,NULL,'NA'),(1262,500,37,NULL,'NA'),(1263,500,38,NULL,'NA'),(1264,501,37,NULL,'NA'),(1265,501,38,NULL,'NA'),(1266,502,37,NULL,'NA'),(1267,502,38,NULL,'NA'),(1268,503,37,NULL,'NA'),(1269,503,38,NULL,'NA'),(1270,504,37,NULL,'NA'),(1271,504,38,NULL,'NA'),(1272,505,37,NULL,'NA'),(1273,505,38,NULL,'NA'),(1274,506,37,NULL,'NA'),(1275,506,38,NULL,'NA'),(1276,507,37,NULL,'NA'),(1277,507,38,NULL,'NA'),(1278,508,37,NULL,'NA'),(1279,508,38,NULL,'NA'),(1280,509,37,NULL,'NA'),(1281,509,38,NULL,'NA'),(1282,510,37,NULL,'NA'),(1283,510,38,NULL,'NA'),(1284,511,37,NULL,'NA'),(1285,511,38,NULL,'NA'),(1286,512,37,NULL,'NA'),(1287,512,38,NULL,'NA'),(1288,513,37,NULL,'NA'),(1289,513,38,NULL,'NA'),(1290,514,37,NULL,'NA'),(1291,514,38,NULL,'NA'),(1292,515,37,NULL,'NA'),(1293,515,38,NULL,'NA'),(1294,516,37,NULL,'NA'),(1295,516,38,NULL,'NA'),(1296,517,37,NULL,'NA'),(1297,517,38,NULL,'NA'),(1298,518,37,NULL,'NA'),(1299,518,38,NULL,'NA'),(1300,519,37,NULL,'NA'),(1301,519,38,NULL,'NA'),(1302,520,37,NULL,'NA'),(1303,520,38,NULL,'NA'),(1304,521,37,NULL,'NA'),(1305,521,38,NULL,'NA'),(1306,522,37,NULL,'NA'),(1307,522,38,NULL,'NA'),(1308,523,37,NULL,'NA'),(1309,523,38,NULL,'NA'),(1310,524,37,NULL,'NA'),(1311,524,38,NULL,'NA'),(1312,525,37,NULL,'NA'),(1313,525,38,NULL,'NA'),(1314,526,37,NULL,'NA'),(1315,526,38,NULL,'NA'),(1316,527,37,NULL,'NA'),(1317,527,38,NULL,'NA'),(1318,528,37,NULL,'NA'),(1319,528,38,NULL,'NA'),(1320,529,37,NULL,'NA'),(1321,529,38,NULL,'NA'),(1322,530,37,NULL,'NA'),(1323,530,38,NULL,'NA'),(1324,531,37,NULL,'NA'),(1325,531,38,NULL,'NA'),(1328,532,37,NULL,'NA'),(1330,532,38,NULL,'NA'),(1332,533,37,NULL,'NA'),(1334,533,38,NULL,'NA'),(1336,534,37,NULL,'NA'),(1338,534,38,NULL,'NA'),(1340,535,37,NULL,'NA'),(1342,535,38,NULL,'NA'),(1344,536,37,NULL,'NA'),(1346,536,38,NULL,'NA'),(1348,537,37,NULL,'NA'),(1350,537,38,NULL,'NA'),(1352,538,37,NULL,'NA'),(1354,538,38,NULL,'NA'),(1356,539,37,NULL,'NA'),(1358,539,38,NULL,'NA'),(1360,540,37,NULL,'NA'),(1362,540,38,NULL,'NA'),(1364,541,37,NULL,'NA'),(1366,541,38,NULL,'NA'),(1368,542,37,NULL,'NA'),(1370,542,38,NULL,'NA'),(1372,543,37,NULL,'NA'),(1374,543,38,NULL,'NA'),(1376,544,37,NULL,'NA'),(1378,544,38,NULL,'NA'),(1380,545,37,NULL,'NA'),(1382,545,38,NULL,'NA'),(1384,546,37,NULL,'NA'),(1386,546,38,NULL,'NA'),(1388,547,37,NULL,'NA'),(1390,547,38,NULL,'NA'),(1392,548,37,NULL,'NA'),(1394,548,38,NULL,'NA'),(1397,549,37,NULL,'NA'),(1399,549,38,NULL,'NA'),(1401,550,37,NULL,'NA'),(1403,550,38,NULL,'NA'),(1405,551,37,NULL,'NA'),(1407,551,38,NULL,'NA');
/*!40000 ALTER TABLE `student_grades` ENABLE KEYS */;
UNLOCK TABLES;

--
-- Table structure for table `students`
--

DROP TABLE IF EXISTS `students`;
/*!40101 SET @saved_cs_client     = @@character_set_client */;
/*!40101 SET character_set_client = utf8 */;
CREATE TABLE `students` (
  `student_id` int(11) NOT NULL AUTO_INCREMENT,
  `student_number` varchar(20) DEFAULT NULL,
  `last_name` varchar(50) DEFAULT NULL,
  `first_name` varchar(50) DEFAULT NULL,
  `middle_name` varchar(50) DEFAULT NULL,
  PRIMARY KEY (`student_id`),
  UNIQUE KEY `student_number` (`student_number`)
) ENGINE=InnoDB AUTO_INCREMENT=165 DEFAULT CHARSET=utf8mb4 COLLATE=utf8mb4_general_ci;
/*!40101 SET character_set_client = @saved_cs_client */;

--
-- Dumping data for table `students`
--

LOCK TABLES `students` WRITE;
/*!40000 ALTER TABLE `students` DISABLE KEYS */;
INSERT INTO `students` VALUES (1,'21-14-001','ABESAMIS','KHEN',NULL),(2,'21-14-003','ALAMA','XANDER',NULL),(3,'21-14-097','ALDAVE','ALI LUIS',NULL),(4,'21-14-100','AQUINO','KIM MAYNARD',NULL),(5,'21-14-094','ARCEO','ELIZABETH',NULL),(6,'21-14-080','ARGUILLES','JOSHUA',NULL),(7,'21-14-102','ASUNCION','ISAIAH',NULL),(8,'21-14-018','AUSTRIA','FRIENDRICH ALLAIN',NULL),(9,'21-14-008','BARON','VINCENT JUDE',NULL),(10,'21-14-009','BICALDO','EDUARD JOHN',NULL),(11,'21-14-010','BUENAFE','ARL CHRISTOPHER',NULL),(12,'21-14-011','CAJIGAL','PATRICE MARICO',NULL),(13,'21-14-104','CORMINAL','CHRISTINE JOY',NULL),(14,'21-14-106','DE','DIOS	DAVE JOSE',NULL),(15,'21-14-014','DELA','CRUZ	MARVIN ANGELO',NULL),(16,'21-14-088','DELA','CRUZ	TRECIA MAE',NULL),(17,'21-14-015','DELOS','SANTOS	RISA MAY',NULL),(18,'21-14-020','DOMDOM','AMANDA LOUISE',NULL),(19,'21-14-022','DRIO','RACHEL ADELINE',NULL),(20,'21-14-110','ESTOQUE','MECAELA',NULL),(21,'21-14-111','FADOL','MC NICOLE',NULL),(22,'21-14-112','GALLENERA','JOCELYN',NULL),(23,'21-14-026','GERARDO','AMY ROSE',NULL),(24,'21-14-027','GERMAN','SOFIA',NULL),(25,'21-14-114','GONZALES','EMERSON',NULL),(26,'21-14-089','GUASCH','KYLA',NULL),(27,'21-14-082','HERNANDEZ','IZAK HALEY',NULL),(28,'20-14-2041','ILEDAN','MARIA ELENA',NULL),(29,'21-14-116','ISLAO','JAYBERT',NULL),(30,'21-14-118','LAGUADOR','ROBERT VINCENT',NULL),(31,'21-14-119','LICAYAN','JOHN PHILIP',NULL),(32,'21-14-120','LINO','CARLO JV',NULL),(33,'21-14-091','MABULAC','MARCELINA',NULL),(34,'20-14-8680','MACASILLI','JASMIN MHAICEE',NULL),(35,'21-14-036','MACAYA','NHEIL CHRISTIAN JIREH',NULL),(36,'21-14-139','MENDOZA','MA. JULIA MANUEL',NULL),(37,'21-14-044','ORALLO','CHANEL VINCENT',NULL),(38,'21-14-123','PACLIAN','CHERISH MONIQUE',NULL),(39,'21-14-046','PALLASIGUE','ERIK JOSEF',NULL),(40,'21-14-125','PANGILINAN','JANSEN IVAN',NULL),(41,'21-14-048','PEÑAFLOR','RALPH ACE',NULL),(42,'21-14-050','PERA','JOHN PHILIP',NULL),(43,'21-14-051','PEREZ','JAN MARC',NULL),(44,'21-14-127','PRADO','EDIZON',NULL),(45,'21-14-128','QUIAMBAO','REIMHAR B.',NULL),(46,'21-14-130','RAMOS','KRISTIE MARNI',NULL),(47,'21-14-052','REVILLAS','HARLENE',NULL),(48,'21-14-053','ROGERO','CHRISTIAN ANDREW',NULL),(49,'21-14-133','SALVADOR','AARON ANGELO',NULL),(50,'21-14-057','SAN','JOSE	LYNRYNE',NULL),(51,'21-14-134','SANTIAGO','JR.	LARRY',NULL),(52,'21-14-058','SELES','DIVINE TRIXY',NULL),(53,'21-14-060','TAJO','KARL CEDRIC',NULL),(54,'21-14-072','VARGAS','IVAN CHRISTOPHER',NULL),(55,'21-14-002','AGABON','FRANCIS KHLYE',NULL),(56,'21-14-099','ANDRES','MARK FRODO',NULL),(57,'21-14-005','ANTONIO','ERICK JAMES',NULL),(58,'21-14-201','ARCEO','ALDRIN',NULL),(59,'21-14-101','ASUNCION','KEVIN VICKMAR',NULL),(60,'21-14-006','BABISTA','LLOYD CLARENCE',NULL),(61,'21-14-068','BOLECHE','JOHN PATRICK',NULL),(62,'21-14-103','CALAOAGAN','JOSHUA',NULL),(63,'21-14-081','CAÑETE','DHARHELL',NULL),(64,'21-14-087','CUMAYAS','JAMES ANGELO',NULL),(65,'21-14-069','DANTE','NEIL MICHAEL',NULL),(66,'21-14-108','DEL','ROSARIO	LUCY MAE',NULL),(67,'21-14-039','DELA','CRUZ	MARTIN LEI',NULL),(68,'21-14-030','DEPOSITAR','JOHN DWAIN SHARDEEP',NULL),(69,'21-14-016','DIAZ','JR	RICKY',NULL),(70,'21-14-019','DINEROS','JEREMY LEE',NULL),(71,'21-14-021','DOROIN','CYRUS',NULL),(72,'21-14-023','EVANGELIO','ALECZANDRA NICOLE',NULL),(73,'21-14-067','GABIOSA','RASHEED',NULL),(74,'21-14-096','GALIT','GERALD',NULL),(75,'21-14-073','GARCIA','DANMAR',NULL),(76,'21-14-025','GARCIA','FRANCHESKA',NULL),(77,'21-14-074','GERONIMO','KEITH ALLEN',NULL),(78,'21-14-115','GUTIERREZ','AIRA MAE',NULL),(79,'21-14-142','HERNANDO','RHAYANA EHRIKA',NULL),(80,'21-14-031','IBAÑEZ','JAMES BARON',NULL),(81,'21-14-032','JAVIER','JOHN ABRAHM',NULL),(82,'21-14-033','LABUNGRAY','KRIZZEL',NULL),(83,'21-14-084','LANUZO','JOHN LUIS',NULL),(84,'21-14-034','LO','ADRIAN',NULL),(85,'21-14-070','LOPEZ','II	RENIE MAR',NULL),(86,'21-14-077','MACARAIG','MARK JOSEPH',NULL),(87,'21-14-040','MATIMTIM','JOHN MICHAEL',NULL),(88,'20-14-4607','MISTADES','MARK ANDREI',NULL),(89,'21-14-122','ONOFRE','REDXYRELL',NULL),(90,'21-14-045','PALACIO','R-JAY',NULL),(91,'21-14-092','PALARCA','GILLAINE',NULL),(92,'21-14-079','PANGANIBAN','NEIL ALLEN',NULL),(93,'21-14-047','PANZUELO','LUCKY EMMANUEL',NULL),(94,'21-14-083','PASAGUE','JOHN ADNEL',NULL),(95,'21-14-049','PENOLIO','MICAH',NULL),(96,'21-14-078','PINEDA','JANN JHUDIELLE',NULL),(97,'21-14-140','QUIMPO','PATRICIA',NULL),(98,'21-14-071','QUINTO','KLAYROLL IVAN',NULL),(99,'21-14-131','REATAZAN','CHRISTOPHER',NULL),(100,'21-14-054','ROMULO','KHAIL MICO',NULL),(101,'21-14-076','SAYAT','MARK BRYAN',NULL),(102,'21-14-135','SISON','JOHN ALBERT',NULL),(103,'21-14-062','TAN','AARON VINCE',NULL),(104,'20-14-3742','TAZARTE','REYCHAEL',NULL),(105,'21-14-063','TENORIO','VANESSA',NULL),(106,'21-14-066','UMALI','CAMILLA NATHALIA',NULL),(107,'21-14-095','VALDEZ','LUIS ANTONIO',NULL),(108,'24-22-011','ABUNGAN','RHEIN LASH',NULL),(109,'24-22-039','AMAGO','REYZAH MAY',NULL),(110,'24-22-287','ASPILLAGA','JHEYRONE',NULL),(111,'24-22-267','ATIBAGOS','DEO',NULL),(112,'24-22-282','BALAIS','RACE EION',NULL),(113,'24-22-036','BODOSO','MARIELLE',NULL),(114,'24-22-009','BORROMEO','ASIA LOUISE',NULL),(115,'24-22-025','CALMA','JYLIANA IYA',NULL),(116,'24-22-017','CANTALEJO','JERSEY REI',NULL),(117,'24-22-014','CAPIZ','JOHN CEDRICK',NULL),(118,'24-22-038','CARDENAS','JR.	ZOILO',NULL),(119,'24-22-007','CASINGINAN','JENNY-ROSE',NULL),(120,'24-22-251','CASTRO','KENNETH',NULL),(121,'24-22-252','COMENDADOR','PRESCIOUS JADE',NULL),(122,'24-22-040','COTIAMCO','JUDETHAVINCE',NULL),(123,'24-22-001','CRUZ','CHYRUS',NULL),(124,'24-22-301','DE','CASTRO	JOHN CARLO',NULL),(125,'24-22-020','DEGOMA','JHUSTIN',NULL),(126,'24-22-331','DELACRUZ','VANESSA',NULL),(127,'24-22-004','DONGALLO','FRANCIS',NULL),(128,'24-22-028','DULDULAO','MARK JESSE',NULL),(129,'24-22-272','ESTRADA','NHICKA ERRA',NULL),(130,'24-22-313','FAJARDO','ALESSANDRA',NULL),(131,'24-22-013','FARAON','CHRISTIAN JHAY',NULL),(132,'24-22-029','FERNANDEZ','KING',NULL),(133,'24-22-027','GECOSO','RAFFAELL JOHN',NULL),(134,'24-22-032','INDOLOS','DUSTIN KWERR',NULL),(135,'23-22-136','JASMIN','JENESIS CLAUDETTE',NULL),(136,'24-22-026','LABONG','KHAIZER CHARLES',NULL),(137,'24-22-319','LAPUZ','GERARD',NULL),(138,'24-22-021','LOZADA','JIMBOY',NULL),(139,'24-22-024','LUISTRO','KEVENLY',NULL),(140,'24-22-033','LUNA','CLARENCE JERALD',NULL),(141,'24-22-292','MADIS','JENIVIEVE',NULL),(142,'24-22-023','MANGALUS','JR.	MICHAEL',NULL),(143,'24-22-008','MARCHAN','RUSHA BELLE',NULL),(144,'24-22-010','MIGUEL','LJ JOURIE',NULL),(145,'24-22-337','OBLIGADO','MARK SIMON',NULL),(146,'24-22-035','OLIVEROS','JENMAR',NULL),(147,'24-22-022','PANER','RAPHAEL',NULL),(148,'24-22-031','PANTI','CHRISTIAN PATRICK',NULL),(149,'24-22-034','PLAGATA','AMARU CHRIS JUNIEL',NULL),(150,'24-22-006','PULO','ANDRE',NULL),(151,'24-22-030','PUNO','ASHLEY FAYE',NULL),(152,'24-22-325','ROLLO','CHRISTIAN DALE',NULL),(153,'24-22-018','SACLOLO','SOFIA ANN',NULL),(154,'24-22-002','SANTILLAN','JOHN MHARWIN',NULL),(155,'24-22-003','SAYCON','BJ',NULL),(156,'24-22-015','SENARLO','JUSTIN LLOYD',NULL),(157,'24-22-005','SUNGA','EZEKIEL',NULL),(158,'24-22-277','TAMPUS','JOHN MARC',NULL),(159,'24-22-016','TEJANO','VENZ LORENZE',NULL),(160,'24-22-345','TORRES','CLYDE DAYNELL',NULL),(161,'24-22-344','TREBITA','CLARENCE',NULL),(162,'24-22-037','VALDECANTOS','LANTIS',NULL),(163,'24-22-307','VILLABER','RODMAR',NULL),(164,'24-22-012','VILLARAMA','JASFER',NULL);
/*!40000 ALTER TABLE `students` ENABLE KEYS */;
UNLOCK TABLES;

--
-- Table structure for table `subjects`
--

DROP TABLE IF EXISTS `subjects`;
/*!40101 SET @saved_cs_client     = @@character_set_client */;
/*!40101 SET character_set_client = utf8 */;
CREATE TABLE `subjects` (
  `subject_id` int(11) NOT NULL AUTO_INCREMENT,
  `subject_code` varchar(20) DEFAULT NULL,
  `subject_name` varchar(100) DEFAULT NULL,
  PRIMARY KEY (`subject_id`)
) ENGINE=InnoDB AUTO_INCREMENT=4 DEFAULT CHARSET=utf8mb4 COLLATE=utf8mb4_general_ci;
/*!40101 SET character_set_client = @saved_cs_client */;

--
-- Dumping data for table `subjects`
--

LOCK TABLES `subjects` WRITE;
/*!40000 ALTER TABLE `subjects` DISABLE KEYS */;
INSERT INTO `subjects` VALUES (1,NULL,'Design Project 2'),(2,NULL,'Design Project 2'),(3,'','Introduction to Computing');
/*!40000 ALTER TABLE `subjects` ENABLE KEYS */;
UNLOCK TABLES;

--
-- Table structure for table `teachers`
--

DROP TABLE IF EXISTS `teachers`;
/*!40101 SET @saved_cs_client     = @@character_set_client */;
/*!40101 SET character_set_client = utf8 */;
CREATE TABLE `teachers` (
  `teacher_id` int(11) NOT NULL AUTO_INCREMENT,
  `username` varchar(50) DEFAULT NULL,
  `password_hash` varchar(255) DEFAULT NULL,
  `full_name` varchar(100) DEFAULT NULL,
  `email` varchar(100) DEFAULT NULL,
  PRIMARY KEY (`teacher_id`),
  UNIQUE KEY `username` (`username`)
) ENGINE=InnoDB AUTO_INCREMENT=4 DEFAULT CHARSET=utf8mb4 COLLATE=utf8mb4_general_ci;
/*!40101 SET character_set_client = @saved_cs_client */;

--
-- Dumping data for table `teachers`
--

LOCK TABLES `teachers` WRITE;
/*!40000 ALTER TABLE `teachers` DISABLE KEYS */;
INSERT INTO `teachers` VALUES (1,'epallasigue','$2y$10$DrcEHLH2iHAZOhH98p6O0e3rPXbIfYYPuCGl2K9zBisen6t.3s09O','Erik Josef Pallasigue','ejaypallasigue@gmail.com'),(2,'marvin.edu','$2y$10$POBuTWXl2Mr24mfgZdbNIOa7prm1gQkCMZsQXh0iDAIY2pRoLK3QW','Marvin Angelo A. Dela Cruz','marvinangelo@gmail.com'),(3,'faculty','$2y$10$/ILWESAtYwUaWeMRXoE9Hu0WPFZElvzMxzU8td5Jai0iu/3o2pTTy','Faculty Tester','facultytesting@gmail.com');
/*!40000 ALTER TABLE `teachers` ENABLE KEYS */;
UNLOCK TABLES;

--
-- Dumping events for database 'udm_class_record_db'
--

--
-- Dumping routines for database 'udm_class_record_db'
--
/*!40103 SET TIME_ZONE=@OLD_TIME_ZONE */;

/*!40101 SET SQL_MODE=@OLD_SQL_MODE */;
/*!40014 SET FOREIGN_KEY_CHECKS=@OLD_FOREIGN_KEY_CHECKS */;
/*!40014 SET UNIQUE_CHECKS=@OLD_UNIQUE_CHECKS */;
/*!40101 SET CHARACTER_SET_CLIENT=@OLD_CHARACTER_SET_CLIENT */;
/*!40101 SET CHARACTER_SET_RESULTS=@OLD_CHARACTER_SET_RESULTS */;
/*!40101 SET COLLATION_CONNECTION=@OLD_COLLATION_CONNECTION */;
/*!40111 SET SQL_NOTES=@OLD_SQL_NOTES */;

-- Dump completed on 2025-05-26  2:01:42
