-- MariaDB dump 10.19  Distrib 10.4.32-MariaDB, for Win64 (AMD64)
--
-- Host: localhost    Database: udm_class_record_db
-- ------------------------------------------------------
-- Server version	10.4.32-MariaDB

/*!40101 SET @OLD_CHARACTER_SET_CLIENT=@@CHARACTER_SET_CLIENT */;
/*!40101 SET @OLD_CHARACTER_SET_RESULTS=@@CHARACTER_SET_RESULTS */;
/*!40101 SET @OLD_COLLATION_CONNECTION=@@COLLATION_CONNECTION */;
/*!40101 SET NAMES utf8mb4 */;
/*!40103 SET @OLD_TIME_ZONE=@@TIME_ZONE */;
/*!40103 SET TIME_ZONE='+00:00' */;
/*!40014 SET @OLD_UNIQUE_CHECKS=@@UNIQUE_CHECKS, UNIQUE_CHECKS=0 */;
/*!40014 SET @OLD_FOREIGN_KEY_CHECKS=@@FOREIGN_KEY_CHECKS, FOREIGN_KEY_CHECKS=0 */;
/*!40101 SET @OLD_SQL_MODE=@@SQL_MODE, SQL_MODE='NO_AUTO_VALUE_ON_ZERO' */;
/*!40111 SET @OLD_SQL_NOTES=@@SQL_NOTES, SQL_NOTES=0 */;

--
-- Current Database: `udm_class_record_db`
--

CREATE DATABASE /*!32312 IF NOT EXISTS*/ `udm_class_record_db` /*!40100 DEFAULT CHARACTER SET utf8mb4 COLLATE utf8mb4_general_ci */;

USE `udm_class_record_db`;

--
-- Table structure for table `calculated_period_grades`
--

DROP TABLE IF EXISTS `calculated_period_grades`;
/*!40101 SET @saved_cs_client     = @@character_set_client */;
/*!40101 SET character_set_client = utf8 */;
CREATE TABLE `calculated_period_grades` (
  `period_grade_id` int(11) NOT NULL AUTO_INCREMENT,
  `enrollment_id` int(11) DEFAULT NULL,
  `class_id` int(11) DEFAULT NULL,
  `period` enum('Preliminary','Mid-Term','Pre-Final') DEFAULT NULL,
  `period_class_standing_grade` decimal(5,2) DEFAULT NULL,
  `period_examination_grade` decimal(5,2) DEFAULT NULL,
  `total_period_grade` decimal(5,2) DEFAULT NULL,
  PRIMARY KEY (`period_grade_id`),
  UNIQUE KEY `enrollment_id` (`enrollment_id`,`class_id`,`period`)
) ENGINE=InnoDB DEFAULT CHARSET=utf8mb4 COLLATE=utf8mb4_general_ci;
/*!40101 SET character_set_client = @saved_cs_client */;

--
-- Dumping data for table `calculated_period_grades`
--

LOCK TABLES `calculated_period_grades` WRITE;
/*!40000 ALTER TABLE `calculated_period_grades` DISABLE KEYS */;
/*!40000 ALTER TABLE `calculated_period_grades` ENABLE KEYS */;
UNLOCK TABLES;

--
-- Table structure for table `classes`
--

DROP TABLE IF EXISTS `classes`;
/*!40101 SET @saved_cs_client     = @@character_set_client */;
/*!40101 SET character_set_client = utf8 */;
CREATE TABLE `classes` (
  `class_id` int(11) NOT NULL AUTO_INCREMENT,
  `teacher_id` int(11) DEFAULT NULL,
  `subject_id` int(11) DEFAULT NULL,
  `section_id` int(11) DEFAULT NULL,
  `grading_system_type` enum('numerical','final_only_numerical') DEFAULT 'numerical',
  PRIMARY KEY (`class_id`),
  KEY `teacher_id` (`teacher_id`),
  KEY `subject_id` (`subject_id`),
  KEY `section_id` (`section_id`),
  CONSTRAINT `classes_ibfk_1` FOREIGN KEY (`teacher_id`) REFERENCES `teachers` (`teacher_id`),
  CONSTRAINT `classes_ibfk_2` FOREIGN KEY (`subject_id`) REFERENCES `subjects` (`subject_id`),
  CONSTRAINT `classes_ibfk_3` FOREIGN KEY (`section_id`) REFERENCES `sections` (`section_id`)
) ENGINE=InnoDB AUTO_INCREMENT=8 DEFAULT CHARSET=utf8mb4 COLLATE=utf8mb4_general_ci;
/*!40101 SET character_set_client = @saved_cs_client */;

--
-- Dumping data for table `classes`
--

LOCK TABLES `classes` WRITE;
/*!40000 ALTER TABLE `classes` DISABLE KEYS */;
INSERT INTO `classes` VALUES (1,1,1,1,'final_only_numerical'),(2,1,2,2,'final_only_numerical'),(3,1,3,3,'numerical'),(4,2,3,4,'final_only_numerical'),(5,2,3,3,'numerical'),(6,3,3,4,'final_only_numerical'),(7,3,3,3,'numerical');
/*!40000 ALTER TABLE `classes` ENABLE KEYS */;
UNLOCK TABLES;

--
-- Table structure for table `enrollments`
--

DROP TABLE IF EXISTS `enrollments`;
/*!40101 SET @saved_cs_client     = @@character_set_client */;
/*!40101 SET character_set_client = utf8 */;
CREATE TABLE `enrollments` (
  `enrollment_id` int(11) NOT NULL AUTO_INCREMENT,
  `student_id` int(11) DEFAULT NULL,
  `class_id` int(11) DEFAULT NULL,
  PRIMARY KEY (`enrollment_id`),
  UNIQUE KEY `student_id` (`student_id`,`class_id`),
  KEY `class_id` (`class_id`),
  CONSTRAINT `enrollments_ibfk_1` FOREIGN KEY (`student_id`) REFERENCES `students` (`student_id`),
  CONSTRAINT `enrollments_ibfk_2` FOREIGN KEY (`class_id`) REFERENCES `classes` (`class_id`)
) ENGINE=InnoDB AUTO_INCREMENT=387 DEFAULT CHARSET=utf8mb4 COLLATE=utf8mb4_general_ci;
/*!40101 SET character_set_client = @saved_cs_client */;

--
-- Dumping data for table `enrollments`
--

LOCK TABLES `enrollments` WRITE;
/*!40000 ALTER TABLE `enrollments` DISABLE KEYS */;
INSERT INTO `enrollments` VALUES (1,1,1),(165,1,4),(276,1,6),(2,2,1),(166,2,4),(277,2,6),(3,3,1),(167,3,4),(278,3,6),(4,4,1),(168,4,4),(279,4,6),(5,5,1),(169,5,4),(280,5,6),(6,6,1),(170,6,4),(281,6,6),(7,7,1),(171,7,4),(282,7,6),(8,8,1),(172,8,4),(283,8,6),(9,9,1),(173,9,4),(284,9,6),(10,10,1),(174,10,4),(285,10,6),(11,11,1),(175,11,4),(286,11,6),(12,12,1),(176,12,4),(287,12,6),(13,13,1),(177,13,4),(288,13,6),(14,14,1),(178,14,4),(289,14,6),(15,15,1),(179,15,4),(290,15,6),(16,16,1),(180,16,4),(291,16,6),(17,17,1),(181,17,4),(292,17,6),(18,18,1),(182,18,4),(293,18,6),(19,19,1),(183,19,4),(294,19,6),(20,20,1),(184,20,4),(295,20,6),(21,21,1),(185,21,4),(296,21,6),(22,22,1),(186,22,4),(297,22,6),(23,23,1),(187,23,4),(298,23,6),(24,24,1),(188,24,4),(299,24,6),(25,25,1),(189,25,4),(300,25,6),(26,26,1),(190,26,4),(301,26,6),(27,27,1),(191,27,4),(302,27,6),(28,28,1),(192,28,4),(303,28,6),(29,29,1),(193,29,4),(304,29,6),(30,30,1),(194,30,4),(305,30,6),(31,31,1),(195,31,4),(306,31,6),(32,32,1),(196,32,4),(307,32,6),(33,33,1),(197,33,4),(308,33,6),(34,34,1),(198,34,4),(309,34,6),(35,35,1),(199,35,4),(310,35,6),(36,36,1),(200,36,4),(311,36,6),(37,37,1),(201,37,4),(312,37,6),(38,38,1),(202,38,4),(313,38,6),(39,39,1),(203,39,4),(314,39,6),(40,40,1),(204,40,4),(315,40,6),(41,41,1),(205,41,4),(316,41,6),(42,42,1),(206,42,4),(317,42,6),(43,43,1),(207,43,4),(318,43,6),(44,44,1),(208,44,4),(319,44,6),(45,45,1),(209,45,4),(320,45,6),(46,46,1),(210,46,4),(321,46,6),(47,47,1),(211,47,4),(322,47,6),(48,48,1),(212,48,4),(323,48,6),(49,49,1),(213,49,4),(324,49,6),(50,50,1),(214,50,4),(325,50,6),(51,51,1),(215,51,4),(326,51,6),(52,52,1),(216,52,4),(327,52,6),(53,53,1),(217,53,4),(328,53,6),(54,54,1),(218,54,4),(329,54,6),(55,55,2),(56,56,2),(57,57,2),(58,58,2),(59,59,2),(60,60,2),(61,61,2),(62,62,2),(63,63,2),(64,64,2),(65,65,2),(66,66,2),(67,67,2),(68,68,2),(69,69,2),(70,70,2),(71,71,2),(72,72,2),(73,73,2),(74,74,2),(75,75,2),(76,76,2),(77,77,2),(78,78,2),(79,79,2),(80,80,2),(81,81,2),(82,82,2),(83,83,2),(84,84,2),(85,85,2),(86,86,2),(87,87,2),(88,88,2),(89,89,2),(90,90,2),(91,91,2),(92,92,2),(93,93,2),(94,94,2),(95,95,2),(96,96,2),(97,97,2),(98,98,2),(99,99,2),(100,100,2),(101,101,2),(102,102,2),(103,103,2),(104,104,2),(105,105,2),(106,106,2),(107,107,2),(108,108,3),(219,108,5),(330,108,7),(109,109,3),(220,109,5),(331,109,7),(110,110,3),(221,110,5),(332,110,7),(111,111,3),(222,111,5),(333,111,7),(112,112,3),(223,112,5),(334,112,7),(113,113,3),(224,113,5),(335,113,7),(114,114,3),(225,114,5),(336,114,7),(115,115,3),(226,115,5),(337,115,7),(116,116,3),(227,116,5),(338,116,7),(117,117,3),(228,117,5),(339,117,7),(118,118,3),(229,118,5),(340,118,7),(119,119,3),(230,119,5),(341,119,7),(120,120,3),(231,120,5),(342,120,7),(121,121,3),(232,121,5),(343,121,7),(122,122,3),(233,122,5),(344,122,7),(123,123,3),(234,123,5),(345,123,7),(124,124,3),(235,124,5),(346,124,7),(125,125,3),(236,125,5),(347,125,7),(126,126,3),(237,126,5),(348,126,7),(127,127,3),(238,127,5),(349,127,7),(128,128,3),(239,128,5),(350,128,7),(129,129,3),(240,129,5),(351,129,7),(130,130,3),(241,130,5),(352,130,7),(131,131,3),(242,131,5),(353,131,7),(132,132,3),(243,132,5),(354,132,7),(133,133,3),(244,133,5),(355,133,7),(134,134,3),(245,134,5),(356,134,7),(135,135,3),(246,135,5),(357,135,7),(136,136,3),(247,136,5),(358,136,7),(137,137,3),(248,137,5),(359,137,7),(138,138,3),(249,138,5),(360,138,7),(139,139,3),(250,139,5),(361,139,7),(140,140,3),(251,140,5),(362,140,7),(141,141,3),(252,141,5),(363,141,7),(142,142,3),(253,142,5),(364,142,7),(143,143,3),(254,143,5),(365,143,7),(144,144,3),(255,144,5),(366,144,7),(145,145,3),(256,145,5),(367,145,7),(146,146,3),(257,146,5),(368,146,7),(147,147,3),(258,147,5),(369,147,7),(148,148,3),(259,148,5),(370,148,7),(149,149,3),(260,149,5),(371,149,7),(150,150,3),(261,150,5),(372,150,7),(151,151,3),(262,151,5),(373,151,7),(152,152,3),(263,152,5),(374,152,7),(153,153,3),(264,153,5),(375,153,7),(154,154,3),(265,154,5),(376,154,7),(155,155,3),(266,155,5),(377,155,7),(156,156,3),(267,156,5),(378,156,7),(157,157,3),(268,157,5),(379,157,7),(158,158,3),(269,158,5),(380,158,7),(159,159,3),(270,159,5),(381,159,7),(160,160,3),(271,160,5),(382,160,7),(161,161,3),(272,161,5),(383,161,7),(162,162,3),(273,162,5),(384,162,7),(163,163,3),(274,163,5),(385,163,7),(164,164,3),(275,164,5),(386,164,7);
/*!40000 ALTER TABLE `enrollments` ENABLE KEYS */;
UNLOCK TABLES;

--
-- Table structure for table `final_grades`
--

DROP TABLE IF EXISTS `final_grades`;
/*!40101 SET @saved_cs_client     = @@character_set_client */;
/*!40101 SET character_set_client = utf8 */;
CREATE TABLE `final_grades` (
  `final_grade_id` int(11) NOT NULL AUTO_INCREMENT,
  `enrollment_id` int(11) DEFAULT NULL,
  `class_id` int(11) DEFAULT NULL,
  `overall_final_grade` decimal(5,2) DEFAULT NULL,
  `remarks` varchar(20) DEFAULT NULL,
  PRIMARY KEY (`final_grade_id`),
  UNIQUE KEY `enrollment_id` (`enrollment_id`,`class_id`)
) ENGINE=InnoDB AUTO_INCREMENT=280 DEFAULT CHARSET=utf8mb4 COLLATE=utf8mb4_general_ci;
/*!40101 SET character_set_client = @saved_cs_client */;

--
-- Dumping data for table `final_grades`
--

LOCK TABLES `final_grades` WRITE;
/*!40000 ALTER TABLE `final_grades` DISABLE KEYS */;
/*!40000 ALTER TABLE `final_grades` ENABLE KEYS */;
UNLOCK TABLES;

--
-- Table structure for table `grade_components`
--

DROP TABLE IF EXISTS `grade_components`;
/*!40101 SET @saved_cs_client     = @@character_set_client */;
/*!40101 SET character_set_client = utf8 */;
CREATE TABLE `grade_components` (
  `component_id` int(11) NOT NULL AUTO_INCREMENT,
  `class_id` int(11) DEFAULT NULL,
  `component_name` varchar(100) DEFAULT NULL,
  `period` enum('Preliminary','Mid-Term','Pre-Final') DEFAULT NULL,
  `type` enum('Class Standing','Examination','Attendance_Component') DEFAULT NULL,
  `max_score` decimal(5,2) DEFAULT NULL,
  `is_attendance_based` tinyint(1) DEFAULT 0,
  PRIMARY KEY (`component_id`),
  KEY `class_id` (`class_id`),
  CONSTRAINT `grade_components_ibfk_1` FOREIGN KEY (`class_id`) REFERENCES `classes` (`class_id`)
) ENGINE=InnoDB AUTO_INCREMENT=22 DEFAULT CHARSET=utf8mb4 COLLATE=utf8mb4_general_ci;
/*!40101 SET character_set_client = @saved_cs_client */;

--
-- Dumping data for table `grade_components`
--

LOCK TABLES `grade_components` WRITE;
/*!40000 ALTER TABLE `grade_components` DISABLE KEYS */;
INSERT INTO `grade_components` VALUES (1,1,'exam',NULL,NULL,NULL,0),(2,1,'Quiz 1',NULL,NULL,NULL,0),(3,1,'Assignment 1',NULL,NULL,NULL,0),(4,3,'Quiz 1',NULL,NULL,NULL,0),(5,3,'Quiz 2','','',100.00,1),(9,4,'Attended/Not Attended Prelim','','',100.00,1),(10,4,'Attended/Not Attended Midterm','','',100.00,1),(11,4,'Final Grade','','',100.00,0),(12,5,'Quiz Prelim','','',100.00,0),(13,5,'Midterm Exam','','',10.00,0),(14,5,'Final Exam','','',10.00,0),(15,4,'Attendance - Preliminary','Preliminary','Attendance_Component',0.00,1),(16,4,'Attendance - Mid-Term','Mid-Term','Attendance_Component',0.00,1),(17,6,'Attendance - Preliminary','Preliminary','Attendance_Component',0.00,1),(18,6,'Attendance - Mid-Term','Mid-Term','Attendance_Component',0.00,1),(19,7,'Quiz 1','','',10.00,0),(20,7,'Quiz 2','','',10.00,0),(21,7,'Quiz 3','','',10.00,0);
/*!40000 ALTER TABLE `grade_components` ENABLE KEYS */;
UNLOCK TABLES;

--
-- Table structure for table `password_resets`
--

DROP TABLE IF EXISTS `password_resets`;
/*!40101 SET @saved_cs_client     = @@character_set_client */;
/*!40101 SET character_set_client = utf8 */;
CREATE TABLE `password_resets` (
  `id` int(11) NOT NULL AUTO_INCREMENT,
  `email` varchar(100) DEFAULT NULL,
  `token` varchar(255) DEFAULT NULL,
  `expires_at` datetime DEFAULT NULL,
  PRIMARY KEY (`id`)
) ENGINE=InnoDB AUTO_INCREMENT=10 DEFAULT CHARSET=utf8mb4 COLLATE=utf8mb4_general_ci;
/*!40101 SET character_set_client = @saved_cs_client */;

--
-- Dumping data for table `password_resets`
--

LOCK TABLES `password_resets` WRITE;
/*!40000 ALTER TABLE `password_resets` DISABLE KEYS */;
/*!40000 ALTER TABLE `password_resets` ENABLE KEYS */;
UNLOCK TABLES;

--
-- Table structure for table `sections`
--

DROP TABLE IF EXISTS `sections`;
/*!40101 SET @saved_cs_client     = @@character_set_client */;
/*!40101 SET character_set_client = utf8 */;
CREATE TABLE `sections` (
  `section_id` int(11) NOT NULL AUTO_INCREMENT,
  `section_name` varchar(50) DEFAULT NULL,
  `academic_year` varchar(20) DEFAULT NULL,
  `semester` varchar(20) DEFAULT NULL,
  PRIMARY KEY (`section_id`)
) ENGINE=InnoDB AUTO_INCREMENT=5 DEFAULT CHARSET=utf8mb4 COLLATE=utf8mb4_general_ci;
/*!40101 SET character_set_client = @saved_cs_client */;

--
-- Dumping data for table `sections`
--

LOCK TABLES `sections` WRITE;
/*!40000 ALTER TABLE `sections` DISABLE KEYS */;
INSERT INTO `sections` VALUES (1,'COE-41',NULL,NULL),(2,'COE-42',NULL,NULL),(3,'BSIT-11','',''),(4,'COE-41','','');
/*!40000 ALTER TABLE `sections` ENABLE KEYS */;
UNLOCK TABLES;

--
-- Table structure for table `student_grades`
--

DROP TABLE IF EXISTS `student_grades`;
/*!40101 SET @saved_cs_client     = @@character_set_client */;
/*!40101 SET character_set_client = utf8 */;
CREATE TABLE `student_grades` (
  `grade_id` int(11) NOT NULL AUTO_INCREMENT,
  `enrollment_id` int(11) DEFAULT NULL,
  `component_id` int(11) DEFAULT NULL,
  `score` decimal(5,2) DEFAULT NULL,
  `attendance_status` enum('A','NA') DEFAULT NULL,
  PRIMARY KEY (`grade_id`),
  UNIQUE KEY `enrollment_id` (`enrollment_id`,`component_id`),
  KEY `component_id` (`component_id`),
  CONSTRAINT `student_grades_ibfk_1` FOREIGN KEY (`enrollment_id`) REFERENCES `enrollments` (`enrollment_id`),
  CONSTRAINT `student_grades_ibfk_2` FOREIGN KEY (`component_id`) REFERENCES `grade_components` (`component_id`)
) ENGINE=InnoDB AUTO_INCREMENT=826 DEFAULT CHARSET=utf8mb4 COLLATE=utf8mb4_general_ci;
/*!40101 SET character_set_client = @saved_cs_client */;

--
-- Dumping data for table `student_grades`
--

LOCK TABLES `student_grades` WRITE;
/*!40000 ALTER TABLE `student_grades` DISABLE KEYS */;
INSERT INTO `student_grades` VALUES (26,13,2,75.00,NULL),(27,14,1,75.00,NULL),(28,14,2,75.00,NULL),(29,15,1,75.00,NULL),(30,15,2,75.00,NULL),(31,16,1,75.00,NULL),(32,16,2,75.00,NULL),(33,17,1,75.00,NULL),(34,17,2,75.00,NULL),(35,18,1,75.00,NULL),(36,18,2,75.00,NULL),(37,19,1,75.00,NULL),(38,19,2,75.00,NULL),(39,20,1,75.00,NULL),(40,20,2,75.00,NULL),(41,21,1,75.00,NULL),(42,21,2,75.00,NULL),(43,22,1,75.00,NULL),(44,22,2,75.00,NULL),(45,23,1,75.00,NULL),(46,23,2,75.00,NULL),(47,24,1,75.00,NULL),(48,24,2,75.00,NULL),(49,25,1,75.00,NULL),(50,25,2,75.00,NULL),(51,26,1,75.00,NULL),(52,26,2,75.00,NULL),(53,27,1,75.00,NULL),(54,27,2,75.00,NULL),(55,28,1,75.00,NULL),(56,28,2,75.00,NULL),(57,29,1,75.00,NULL),(58,29,2,75.00,NULL),(59,30,1,75.00,NULL),(60,30,2,75.00,NULL),(61,31,1,75.00,NULL),(62,31,2,75.00,NULL),(63,32,1,75.00,NULL),(64,32,2,75.00,NULL),(65,33,1,75.00,NULL),(66,33,2,75.00,NULL),(67,34,1,75.00,NULL),(68,34,2,75.00,NULL),(69,35,1,75.00,NULL),(70,35,2,75.00,NULL),(71,36,1,75.00,NULL),(72,36,2,75.00,NULL),(73,37,1,75.00,NULL),(74,37,2,75.00,NULL),(75,38,1,75.00,NULL),(76,38,2,75.00,NULL),(77,39,1,75.00,NULL),(78,39,2,75.00,NULL),(79,40,1,75.00,NULL),(80,40,2,75.00,NULL),(81,41,1,75.00,NULL),(82,41,2,75.00,NULL),(83,42,1,75.00,NULL),(84,42,2,75.00,NULL),(85,43,1,75.00,NULL),(86,43,2,75.00,NULL),(87,44,1,75.00,NULL),(88,44,2,75.00,NULL),(89,45,1,75.00,NULL),(90,45,2,75.00,NULL),(91,46,1,75.00,NULL),(92,46,2,75.00,NULL),(93,47,1,75.00,NULL),(94,47,2,75.00,NULL),(95,48,1,75.00,NULL),(96,48,2,75.00,NULL),(97,49,1,75.00,NULL),(98,49,2,75.00,NULL),(99,50,1,75.00,NULL),(100,50,2,75.00,NULL),(101,51,1,75.00,NULL),(102,51,2,75.00,NULL),(103,52,1,75.00,NULL),(104,52,2,75.00,NULL),(105,53,1,75.00,NULL),(106,53,2,75.00,NULL),(107,54,1,75.00,NULL),(108,54,2,75.00,NULL),(109,108,4,0.00,NULL),(110,109,4,0.00,NULL),(111,110,4,0.00,NULL),(112,111,4,0.00,NULL),(113,112,4,0.00,NULL),(114,113,4,0.00,NULL),(115,114,4,0.00,NULL),(116,115,4,0.00,NULL),(117,116,4,0.00,NULL),(118,117,4,0.00,NULL),(119,118,4,0.00,NULL),(120,119,4,0.00,NULL),(121,120,4,0.00,NULL),(122,121,4,0.00,NULL),(123,122,4,0.00,NULL),(124,123,4,0.00,NULL),(125,124,4,0.00,NULL),(126,125,4,0.00,NULL),(127,126,4,0.00,NULL),(128,127,4,0.00,NULL),(129,128,4,0.00,NULL),(130,129,4,0.00,NULL),(131,130,4,0.00,NULL),(132,131,4,0.00,NULL),(133,132,4,0.00,NULL),(134,133,4,0.00,NULL),(135,134,4,0.00,NULL),(136,135,4,0.00,NULL),(137,136,4,0.00,NULL),(138,137,4,0.00,NULL),(139,138,4,0.00,NULL),(140,139,4,0.00,NULL),(141,140,4,0.00,NULL),(142,141,4,0.00,NULL),(143,142,4,0.00,NULL),(144,143,4,0.00,NULL),(145,144,4,0.00,NULL),(146,145,4,0.00,NULL),(147,146,4,0.00,NULL),(148,147,4,0.00,NULL),(149,148,4,0.00,NULL),(150,149,4,0.00,NULL),(151,150,4,0.00,NULL),(152,151,4,0.00,NULL),(153,152,4,0.00,NULL),(154,153,4,0.00,NULL),(155,154,4,0.00,NULL),(156,155,4,0.00,NULL),(157,156,4,0.00,NULL),(158,157,4,0.00,NULL),(159,158,4,0.00,NULL),(160,159,4,0.00,NULL),(161,160,4,0.00,NULL),(162,161,4,0.00,NULL),(163,162,4,0.00,NULL),(164,163,4,0.00,NULL),(165,164,4,0.00,NULL),(166,1,3,20.00,NULL),(167,2,3,20.00,NULL),(168,3,3,20.00,NULL),(169,4,3,20.00,NULL),(170,5,3,20.00,NULL),(171,6,3,20.00,NULL),(172,7,3,20.00,NULL),(173,8,3,20.00,NULL),(174,9,3,20.00,NULL),(175,10,3,20.00,NULL),(176,11,3,20.00,NULL),(177,12,3,20.00,NULL),(178,13,3,20.00,NULL),(179,14,3,20.00,NULL),(180,15,3,20.00,NULL),(181,16,3,20.00,NULL),(182,17,3,20.00,NULL),(183,18,3,20.00,NULL),(184,19,3,20.00,NULL),(185,20,3,20.00,NULL),(186,21,3,20.00,NULL),(187,22,3,20.00,NULL),(188,23,3,20.00,NULL),(189,24,3,20.00,NULL),(190,25,3,20.00,NULL),(191,26,3,20.00,NULL),(192,27,3,20.00,NULL),(193,28,3,20.00,NULL),(194,29,3,20.00,NULL),(195,30,3,20.00,NULL),(196,31,3,20.00,NULL),(197,32,3,20.00,NULL),(198,33,3,20.00,NULL),(199,34,3,20.00,NULL),(200,35,3,20.00,NULL),(201,36,3,20.00,NULL),(202,37,3,20.00,NULL),(203,38,3,20.00,NULL),(204,39,3,20.00,NULL),(205,40,3,20.00,NULL),(206,41,3,20.00,NULL),(207,42,3,20.00,NULL),(208,43,3,20.00,NULL),(209,44,3,20.00,NULL),(210,45,3,20.00,NULL),(211,46,3,20.00,NULL),(212,47,3,20.00,NULL),(213,48,3,20.00,NULL),(214,49,3,20.00,NULL),(215,50,3,20.00,NULL),(216,51,3,20.00,NULL),(217,52,3,20.00,NULL),(218,53,3,20.00,NULL),(219,54,3,20.00,NULL),(220,108,5,0.00,NULL),(221,109,5,0.00,NULL),(222,110,5,0.00,NULL),(223,111,5,0.00,NULL),(224,112,5,0.00,NULL),(225,113,5,0.00,NULL),(226,114,5,0.00,NULL),(227,115,5,0.00,NULL),(228,116,5,0.00,NULL),(229,117,5,0.00,NULL),(230,118,5,0.00,NULL),(231,119,5,0.00,NULL),(232,120,5,0.00,NULL),(233,121,5,0.00,NULL),(234,122,5,0.00,NULL),(235,123,5,0.00,NULL),(236,124,5,0.00,NULL),(237,125,5,0.00,NULL),(238,126,5,0.00,NULL),(239,127,5,0.00,NULL),(240,128,5,0.00,NULL),(241,129,5,0.00,NULL),(242,130,5,0.00,NULL),(243,131,5,0.00,NULL),(244,132,5,0.00,NULL),(245,133,5,0.00,NULL),(246,134,5,0.00,NULL),(247,135,5,0.00,NULL),(248,136,5,0.00,NULL),(249,137,5,0.00,NULL),(250,138,5,0.00,NULL),(251,139,5,0.00,NULL),(252,140,5,0.00,NULL),(253,141,5,0.00,NULL),(254,142,5,0.00,NULL),(255,143,5,0.00,NULL),(256,144,5,0.00,NULL),(257,145,5,0.00,NULL),(258,146,5,0.00,NULL),(259,147,5,0.00,NULL),(260,148,5,0.00,NULL),(261,149,5,0.00,NULL),(262,150,5,0.00,NULL),(263,151,5,0.00,NULL),(264,152,5,0.00,NULL),(265,153,5,0.00,NULL),(266,154,5,0.00,NULL),(267,155,5,0.00,NULL),(268,156,5,0.00,NULL),(269,157,5,0.00,NULL),(270,158,5,0.00,NULL),(271,159,5,0.00,NULL),(272,160,5,0.00,NULL),(273,161,5,0.00,NULL),(274,162,5,0.00,NULL),(275,163,5,0.00,NULL),(276,164,5,0.00,NULL),(277,165,9,100.00,NULL),(278,165,10,100.00,NULL),(279,165,11,100.00,NULL),(280,166,9,100.00,NULL),(281,166,10,100.00,NULL),(282,166,11,99.00,NULL),(283,167,9,100.00,NULL),(284,167,10,100.00,NULL),(285,167,11,98.00,NULL),(286,168,9,100.00,NULL),(287,168,10,100.00,NULL),(288,168,11,97.00,NULL),(289,169,9,100.00,NULL),(290,169,10,100.00,NULL),(291,169,11,96.00,NULL),(292,170,9,100.00,NULL),(293,170,10,100.00,NULL),(294,170,11,60.00,NULL),(295,171,9,100.00,NULL),(296,171,10,100.00,NULL),(297,171,11,95.00,NULL),(298,172,9,100.00,NULL),(299,172,10,100.00,NULL),(300,172,11,94.00,NULL),(301,173,9,100.00,NULL),(302,173,10,100.00,NULL),(303,173,11,93.00,NULL),(304,174,9,100.00,NULL),(305,174,10,100.00,NULL),(306,174,11,93.00,NULL),(307,175,9,100.00,NULL),(308,175,10,100.00,NULL),(309,175,11,92.00,NULL),(310,176,9,100.00,NULL),(311,176,10,100.00,NULL),(312,176,11,91.00,NULL),(313,177,9,100.00,NULL),(314,177,10,100.00,NULL),(315,177,11,90.00,NULL),(316,178,9,100.00,NULL),(317,178,10,100.00,NULL),(318,178,11,89.00,NULL),(319,179,9,100.00,NULL),(320,179,10,100.00,NULL),(321,179,11,88.00,NULL),(322,180,9,100.00,NULL),(323,180,10,100.00,NULL),(324,180,11,86.00,NULL),(325,181,9,100.00,NULL),(326,181,10,100.00,NULL),(327,181,11,87.00,NULL),(328,182,9,100.00,NULL),(329,182,10,100.00,NULL),(330,182,11,87.00,NULL),(331,183,9,100.00,NULL),(332,183,10,100.00,NULL),(333,183,11,98.00,NULL),(334,184,9,100.00,NULL),(335,184,10,100.00,NULL),(336,184,11,76.00,NULL),(337,185,9,100.00,NULL),(338,185,10,100.00,NULL),(339,185,11,99.00,NULL),(340,186,9,100.00,NULL),(341,186,10,100.00,NULL),(342,186,11,80.00,NULL),(343,187,9,100.00,NULL),(344,187,10,100.00,NULL),(345,187,11,90.00,NULL),(346,188,9,100.00,NULL),(347,188,10,100.00,NULL),(348,188,11,90.00,NULL),(349,189,9,100.00,NULL),(350,189,10,100.00,NULL),(351,189,11,97.00,NULL),(352,190,9,100.00,NULL),(353,190,10,100.00,NULL),(354,190,11,90.00,NULL),(355,191,9,100.00,NULL),(356,191,10,100.00,NULL),(357,191,11,75.00,NULL),(358,192,9,100.00,NULL),(359,192,10,100.00,NULL),(360,192,11,87.00,NULL),(361,193,9,100.00,NULL),(362,193,10,100.00,NULL),(363,193,11,84.00,NULL),(364,194,9,100.00,NULL),(365,194,10,100.00,NULL),(366,194,11,83.00,NULL),(367,195,9,100.00,NULL),(368,195,10,100.00,NULL),(369,195,11,82.00,NULL),(370,196,9,100.00,NULL),(371,196,10,100.00,NULL),(372,196,11,81.00,NULL),(373,197,9,100.00,NULL),(374,197,10,100.00,NULL),(375,197,11,79.00,NULL),(376,198,9,100.00,NULL),(377,198,10,100.00,NULL),(378,198,11,74.00,NULL),(379,199,9,100.00,NULL),(380,199,10,100.00,NULL),(381,199,11,99.00,NULL),(382,200,9,100.00,NULL),(383,200,10,100.00,NULL),(384,200,11,75.00,NULL),(385,201,9,100.00,NULL),(386,201,10,100.00,NULL),(387,201,11,95.00,NULL),(388,202,9,100.00,NULL),(389,202,10,100.00,NULL),(390,202,11,78.00,NULL),(391,203,9,100.00,NULL),(392,203,10,100.00,NULL),(393,203,11,100.00,NULL),(394,204,9,100.00,NULL),(395,204,10,100.00,NULL),(396,204,11,76.00,NULL),(397,205,9,100.00,NULL),(398,205,10,100.00,NULL),(399,205,11,60.00,NULL),(400,206,9,100.00,NULL),(401,206,10,100.00,NULL),(402,206,11,80.00,NULL),(403,207,9,100.00,NULL),(404,207,10,100.00,NULL),(405,207,11,82.00,NULL),(406,208,9,100.00,NULL),(407,208,10,100.00,NULL),(408,208,11,81.00,NULL),(409,209,9,100.00,NULL),(410,209,10,100.00,NULL),(411,209,11,83.00,NULL),(412,210,9,100.00,NULL),(413,210,10,100.00,NULL),(414,210,11,85.00,NULL),(415,211,9,100.00,NULL),(416,211,10,100.00,NULL),(417,211,11,80.00,NULL),(418,212,9,100.00,NULL),(419,212,10,100.00,NULL),(420,212,11,77.00,NULL),(421,213,9,100.00,NULL),(422,213,10,100.00,NULL),(423,213,11,76.00,NULL),(424,214,9,100.00,NULL),(425,214,10,100.00,NULL),(426,214,11,78.00,NULL),(427,215,9,100.00,NULL),(428,215,10,100.00,NULL),(429,215,11,79.00,NULL),(430,216,9,100.00,NULL),(431,216,10,100.00,NULL),(432,216,11,91.00,NULL),(433,217,9,100.00,NULL),(434,217,10,100.00,NULL),(435,217,11,80.00,NULL),(436,218,9,100.00,NULL),(437,218,10,100.00,NULL),(438,218,11,98.00,NULL),(439,219,12,80.00,NULL),(440,220,12,80.00,NULL),(441,221,12,80.00,NULL),(442,222,12,80.00,NULL),(443,223,12,80.00,NULL),(444,224,12,80.00,NULL),(445,225,12,80.00,NULL),(446,226,12,80.00,NULL),(447,227,12,80.00,NULL),(448,228,12,80.00,NULL),(449,229,12,80.00,NULL),(450,230,12,80.00,NULL),(451,231,12,80.00,NULL),(452,232,12,80.00,NULL),(453,233,12,80.00,NULL),(454,234,12,80.00,NULL),(455,235,12,80.00,NULL),(456,236,12,80.00,NULL),(457,237,12,80.00,NULL),(458,238,12,80.00,NULL),(459,239,12,80.00,NULL),(460,240,12,80.00,NULL),(461,241,12,80.00,NULL),(462,242,12,80.00,NULL),(463,243,12,80.00,NULL),(464,244,12,80.00,NULL),(465,245,12,80.00,NULL),(466,246,12,80.00,NULL),(467,247,12,80.00,NULL),(468,248,12,80.00,NULL),(469,249,12,80.00,NULL),(470,250,12,80.00,NULL),(471,251,12,80.00,NULL),(472,252,12,80.00,NULL),(473,253,12,80.00,NULL),(474,254,12,80.00,NULL),(475,255,12,80.00,NULL),(476,256,12,80.00,NULL),(477,257,12,80.00,NULL),(478,258,12,80.00,NULL),(479,259,12,80.00,NULL),(480,260,12,80.00,NULL),(481,261,12,80.00,NULL),(482,262,12,80.00,NULL),(483,263,12,80.00,NULL),(484,264,12,80.00,NULL),(485,265,12,80.00,NULL),(486,266,12,80.00,NULL),(487,267,12,80.00,NULL),(488,268,12,80.00,NULL),(489,269,12,80.00,NULL),(490,270,12,80.00,NULL),(491,271,12,80.00,NULL),(492,272,12,80.00,NULL),(493,273,12,80.00,NULL),(494,274,12,80.00,NULL),(495,275,12,80.00,NULL),(496,219,13,8.00,NULL),(497,219,14,7.00,NULL),(498,220,13,8.00,NULL),(499,220,14,7.00,NULL),(500,221,13,8.00,NULL),(501,221,14,7.00,NULL),(502,222,13,8.00,NULL),(503,222,14,7.00,NULL),(504,223,13,8.00,NULL),(505,223,14,7.00,NULL),(506,224,13,8.00,NULL),(507,224,14,7.00,NULL),(508,225,13,8.00,NULL),(509,225,14,7.00,NULL),(510,226,13,8.00,NULL),(511,226,14,7.00,NULL),(512,227,13,8.00,NULL),(513,227,14,7.00,NULL),(514,228,13,8.00,NULL),(515,228,14,7.00,NULL),(516,229,13,8.00,NULL),(517,229,14,7.00,NULL),(518,230,13,8.00,NULL),(519,230,14,7.00,NULL),(520,231,13,8.00,NULL),(521,231,14,7.00,NULL),(522,232,13,8.00,NULL),(523,232,14,7.00,NULL),(524,233,13,8.00,NULL),(525,233,14,7.00,NULL),(526,234,13,8.00,NULL),(527,234,14,7.00,NULL),(528,235,13,8.00,NULL),(529,235,14,7.00,NULL),(530,236,13,8.00,NULL),(531,236,14,7.00,NULL),(532,237,13,8.00,NULL),(533,237,14,7.00,NULL),(534,238,13,8.00,NULL),(535,238,14,7.00,NULL),(536,239,13,8.00,NULL),(537,239,14,7.00,NULL),(538,240,13,8.00,NULL),(539,240,14,7.00,NULL),(540,241,13,8.00,NULL),(541,241,14,7.00,NULL),(542,242,13,8.00,NULL),(543,242,14,7.00,NULL),(544,243,13,8.00,NULL),(545,243,14,7.00,NULL),(546,244,13,8.00,NULL),(547,244,14,7.00,NULL),(548,245,13,8.00,NULL),(549,245,14,7.00,NULL),(550,246,13,8.00,NULL),(551,246,14,7.00,NULL),(552,247,13,8.00,NULL),(553,247,14,7.00,NULL),(554,248,13,8.00,NULL),(555,248,14,7.00,NULL),(556,249,13,8.00,NULL),(557,249,14,7.00,NULL),(558,250,13,8.00,NULL),(559,250,14,7.00,NULL),(560,251,13,8.00,NULL),(561,251,14,7.00,NULL),(562,252,13,8.00,NULL),(563,252,14,7.00,NULL),(564,253,13,8.00,NULL),(565,253,14,7.00,NULL),(566,254,13,8.00,NULL),(567,254,14,7.00,NULL),(568,255,13,8.00,NULL),(569,255,14,7.00,NULL),(570,256,13,8.00,NULL),(571,256,14,7.00,NULL),(572,257,13,8.00,NULL),(573,257,14,7.00,NULL),(574,258,13,8.00,NULL),(575,258,14,7.00,NULL),(576,259,13,8.00,NULL),(577,259,14,7.00,NULL),(578,260,13,8.00,NULL),(579,260,14,7.00,NULL),(580,261,13,8.00,NULL),(581,261,14,7.00,NULL),(582,262,13,8.00,NULL),(583,262,14,7.00,NULL),(584,263,13,8.00,NULL),(585,263,14,7.00,NULL),(586,264,13,8.00,NULL),(587,264,14,7.00,NULL),(588,265,13,8.00,NULL),(589,265,14,7.00,NULL),(590,266,13,8.00,NULL),(591,266,14,7.00,NULL),(592,267,13,8.00,NULL),(593,267,14,7.00,NULL),(594,268,13,8.00,NULL),(595,268,14,7.00,NULL),(596,269,13,8.00,NULL),(597,269,14,7.00,NULL),(598,270,13,8.00,NULL),(599,270,14,7.00,NULL),(600,271,13,8.00,NULL),(601,271,14,7.00,NULL),(602,272,13,8.00,NULL),(603,272,14,7.00,NULL),(604,273,13,8.00,NULL),(605,273,14,7.00,NULL),(606,274,13,8.00,NULL),(607,274,14,7.00,NULL),(608,275,13,8.00,NULL),(609,275,14,7.00,NULL),(610,165,15,NULL,'A'),(611,165,16,NULL,'A'),(612,166,15,NULL,'A'),(613,166,16,NULL,'A'),(614,167,15,NULL,'A'),(615,167,16,NULL,'A'),(616,168,15,NULL,'A'),(617,168,16,NULL,'A'),(618,169,15,NULL,'A'),(619,169,16,NULL,'A'),(620,170,15,NULL,'A'),(621,170,16,NULL,'A'),(622,171,15,NULL,'A'),(623,171,16,NULL,'A'),(624,172,15,NULL,'A'),(625,172,16,NULL,'A'),(626,173,15,NULL,'A'),(627,173,16,NULL,'A'),(628,174,15,NULL,'A'),(629,174,16,NULL,'A'),(630,175,15,NULL,'A'),(631,175,16,NULL,'A'),(632,176,15,NULL,'A'),(633,176,16,NULL,'A'),(634,177,15,NULL,'A'),(635,177,16,NULL,'A'),(636,178,15,NULL,'A'),(637,178,16,NULL,'A'),(638,179,15,NULL,'A'),(639,179,16,NULL,'A'),(640,180,15,NULL,'A'),(641,180,16,NULL,'A'),(642,181,15,NULL,'A'),(643,181,16,NULL,'A'),(644,182,15,NULL,'A'),(645,182,16,NULL,'A'),(646,183,15,NULL,'A'),(647,183,16,NULL,'A'),(648,184,15,NULL,'A'),(649,184,16,NULL,'A'),(650,185,15,NULL,'A'),(651,185,16,NULL,'A'),(652,186,15,NULL,'A'),(653,186,16,NULL,'A'),(654,187,15,NULL,'A'),(655,187,16,NULL,'A'),(656,188,15,NULL,'A'),(657,188,16,NULL,'A'),(658,189,15,NULL,'A'),(659,189,16,NULL,'A'),(660,190,15,NULL,'A'),(661,190,16,NULL,'A'),(662,191,15,NULL,'A'),(663,191,16,NULL,'A'),(664,192,15,NULL,'A'),(665,192,16,NULL,'A'),(666,193,15,NULL,'A'),(667,193,16,NULL,'A'),(668,194,15,NULL,'A'),(669,194,16,NULL,'A'),(670,195,15,NULL,'A'),(671,195,16,NULL,'A'),(672,196,15,NULL,'A'),(673,196,16,NULL,'A'),(674,197,15,NULL,'A'),(675,197,16,NULL,'A'),(676,198,15,NULL,'A'),(677,198,16,NULL,'A'),(678,199,15,NULL,'A'),(679,199,16,NULL,'A'),(680,200,15,NULL,'A'),(681,200,16,NULL,'A'),(682,201,15,NULL,'A'),(683,201,16,NULL,'A'),(684,202,15,NULL,'A'),(685,202,16,NULL,'A'),(686,203,15,NULL,'A'),(687,203,16,NULL,'A'),(688,204,15,NULL,'A'),(689,204,16,NULL,'A'),(690,205,15,NULL,'A'),(691,205,16,NULL,'A'),(692,206,15,NULL,'A'),(693,206,16,NULL,'A'),(694,207,15,NULL,'A'),(695,207,16,NULL,'A'),(696,208,15,NULL,'A'),(697,208,16,NULL,'A'),(698,209,15,NULL,'A'),(699,209,16,NULL,'A'),(700,210,15,NULL,'A'),(701,210,16,NULL,'A'),(702,211,15,NULL,'A'),(703,211,16,NULL,'A'),(704,212,15,NULL,'A'),(705,212,16,NULL,'A'),(706,213,15,NULL,'A'),(707,213,16,NULL,'A'),(708,214,15,NULL,'A'),(709,214,16,NULL,'A'),(710,215,15,NULL,'A'),(711,215,16,NULL,'A'),(712,216,15,NULL,'A'),(713,216,16,NULL,'A'),(714,217,15,NULL,'A'),(715,217,16,NULL,'A'),(716,218,15,NULL,'A'),(717,218,16,NULL,'A'),(718,276,17,NULL,'A'),(719,276,18,NULL,'A'),(720,277,17,NULL,'A'),(721,277,18,NULL,'A'),(722,278,17,NULL,'A'),(723,278,18,NULL,'A'),(724,279,17,NULL,'A'),(725,279,18,NULL,'A'),(726,280,17,NULL,'A'),(727,280,18,NULL,'A'),(728,281,17,NULL,'A'),(729,281,18,NULL,'A'),(730,282,17,NULL,'A'),(731,282,18,NULL,'A'),(732,283,17,NULL,'A'),(733,283,18,NULL,'A'),(734,284,17,NULL,'A'),(735,284,18,NULL,'A'),(736,285,17,NULL,'A'),(737,285,18,NULL,'A'),(738,286,17,NULL,'A'),(739,286,18,NULL,'A'),(740,287,17,NULL,'A'),(741,287,18,NULL,'A'),(742,288,17,NULL,'A'),(743,288,18,NULL,'A'),(744,289,17,NULL,'A'),(745,289,18,NULL,'A'),(746,290,17,NULL,'A'),(747,290,18,NULL,'A'),(748,291,17,NULL,'A'),(749,291,18,NULL,'A'),(750,292,17,NULL,'A'),(751,292,18,NULL,'A'),(752,293,17,NULL,'A'),(753,293,18,NULL,'A'),(754,294,17,NULL,'A'),(755,294,18,NULL,'A'),(756,295,17,NULL,'A'),(757,295,18,NULL,'A'),(758,296,17,NULL,'A'),(759,296,18,NULL,'A'),(760,297,17,NULL,'A'),(761,297,18,NULL,'A'),(762,298,17,NULL,'A'),(763,298,18,NULL,'A'),(764,299,17,NULL,'A'),(765,299,18,NULL,'A'),(766,300,17,NULL,'A'),(767,300,18,NULL,'A'),(768,301,17,NULL,'A'),(769,301,18,NULL,'A'),(770,302,17,NULL,'A'),(771,302,18,NULL,'A'),(772,303,17,NULL,'A'),(773,303,18,NULL,'A'),(774,304,17,NULL,'A'),(775,304,18,NULL,'A'),(776,305,17,NULL,'A'),(777,305,18,NULL,'A'),(778,306,17,NULL,'A'),(779,306,18,NULL,'A'),(780,307,17,NULL,'A'),(781,307,18,NULL,'A'),(782,308,17,NULL,'A'),(783,308,18,NULL,'A'),(784,309,17,NULL,'A'),(785,309,18,NULL,'A'),(786,310,17,NULL,'A'),(787,310,18,NULL,'A'),(788,311,17,NULL,'A'),(789,311,18,NULL,'A'),(790,312,17,NULL,'A'),(791,312,18,NULL,'A'),(792,313,17,NULL,'A'),(793,313,18,NULL,'A'),(794,314,17,NULL,'A'),(795,314,18,NULL,'A'),(796,315,17,NULL,'A'),(797,315,18,NULL,'A'),(798,316,17,NULL,'A'),(799,316,18,NULL,'A'),(800,317,17,NULL,'A'),(801,317,18,NULL,'A'),(802,318,17,NULL,'A'),(803,318,18,NULL,'A'),(804,319,17,NULL,'A'),(805,319,18,NULL,'A'),(806,320,17,NULL,'A'),(807,320,18,NULL,'A'),(808,321,17,NULL,'A'),(809,321,18,NULL,'A'),(810,322,17,NULL,'A'),(811,322,18,NULL,'A'),(812,323,17,NULL,'A'),(813,323,18,NULL,'A'),(814,324,17,NULL,'A'),(815,324,18,NULL,'A'),(816,325,17,NULL,'A'),(817,325,18,NULL,'A'),(818,326,17,NULL,'A'),(819,326,18,NULL,'A'),(820,327,17,NULL,'A'),(821,327,18,NULL,'A'),(822,328,17,NULL,'A'),(823,328,18,NULL,'A'),(824,329,17,NULL,'A'),(825,329,18,NULL,'A');
/*!40000 ALTER TABLE `student_grades` ENABLE KEYS */;
UNLOCK TABLES;

--
-- Table structure for table `students`
--

DROP TABLE IF EXISTS `students`;
/*!40101 SET @saved_cs_client     = @@character_set_client */;
/*!40101 SET character_set_client = utf8 */;
CREATE TABLE `students` (
  `student_id` int(11) NOT NULL AUTO_INCREMENT,
  `student_number` varchar(20) DEFAULT NULL,
  `last_name` varchar(50) DEFAULT NULL,
  `first_name` varchar(50) DEFAULT NULL,
  `middle_name` varchar(50) DEFAULT NULL,
  PRIMARY KEY (`student_id`),
  UNIQUE KEY `student_number` (`student_number`)
) ENGINE=InnoDB AUTO_INCREMENT=165 DEFAULT CHARSET=utf8mb4 COLLATE=utf8mb4_general_ci;
/*!40101 SET character_set_client = @saved_cs_client */;

--
-- Dumping data for table `students`
--

LOCK TABLES `students` WRITE;
/*!40000 ALTER TABLE `students` DISABLE KEYS */;
INSERT INTO `students` VALUES (1,'21-14-001','ABESAMIS','KHEN',NULL),(2,'21-14-003','ALAMA','XANDER',NULL),(3,'21-14-097','ALDAVE','ALI LUIS',NULL),(4,'21-14-100','AQUINO','KIM MAYNARD',NULL),(5,'21-14-094','ARCEO','ELIZABETH',NULL),(6,'21-14-080','ARGUILLES','JOSHUA',NULL),(7,'21-14-102','ASUNCION','ISAIAH',NULL),(8,'21-14-018','AUSTRIA','FRIENDRICH ALLAIN',NULL),(9,'21-14-008','BARON','VINCENT JUDE',NULL),(10,'21-14-009','BICALDO','EDUARD JOHN',NULL),(11,'21-14-010','BUENAFE','ARL CHRISTOPHER',NULL),(12,'21-14-011','CAJIGAL','PATRICE MARICO',NULL),(13,'21-14-104','CORMINAL','CHRISTINE JOY',NULL),(14,'21-14-106','DE','DIOS	DAVE JOSE',NULL),(15,'21-14-014','DELA','CRUZ	MARVIN ANGELO',NULL),(16,'21-14-088','DELA','CRUZ	TRECIA MAE',NULL),(17,'21-14-015','DELOS','SANTOS	RISA MAY',NULL),(18,'21-14-020','DOMDOM','AMANDA LOUISE',NULL),(19,'21-14-022','DRIO','RACHEL ADELINE',NULL),(20,'21-14-110','ESTOQUE','MECAELA',NULL),(21,'21-14-111','FADOL','MC NICOLE',NULL),(22,'21-14-112','GALLENERA','JOCELYN',NULL),(23,'21-14-026','GERARDO','AMY ROSE',NULL),(24,'21-14-027','GERMAN','SOFIA',NULL),(25,'21-14-114','GONZALES','EMERSON',NULL),(26,'21-14-089','GUASCH','KYLA',NULL),(27,'21-14-082','HERNANDEZ','IZAK HALEY',NULL),(28,'20-14-2041','ILEDAN','MARIA ELENA',NULL),(29,'21-14-116','ISLAO','JAYBERT',NULL),(30,'21-14-118','LAGUADOR','ROBERT VINCENT',NULL),(31,'21-14-119','LICAYAN','JOHN PHILIP',NULL),(32,'21-14-120','LINO','CARLO JV',NULL),(33,'21-14-091','MABULAC','MARCELINA',NULL),(34,'20-14-8680','MACASILLI','JASMIN MHAICEE',NULL),(35,'21-14-036','MACAYA','NHEIL CHRISTIAN JIREH',NULL),(36,'21-14-139','MENDOZA','MA. JULIA MANUEL',NULL),(37,'21-14-044','ORALLO','CHANEL VINCENT',NULL),(38,'21-14-123','PACLIAN','CHERISH MONIQUE',NULL),(39,'21-14-046','PALLASIGUE','ERIK JOSEF',NULL),(40,'21-14-125','PANGILINAN','JANSEN IVAN',NULL),(41,'21-14-048','PEÑAFLOR','RALPH ACE',NULL),(42,'21-14-050','PERA','JOHN PHILIP',NULL),(43,'21-14-051','PEREZ','JAN MARC',NULL),(44,'21-14-127','PRADO','EDIZON',NULL),(45,'21-14-128','QUIAMBAO','REIMHAR B.',NULL),(46,'21-14-130','RAMOS','KRISTIE MARNI',NULL),(47,'21-14-052','REVILLAS','HARLENE',NULL),(48,'21-14-053','ROGERO','CHRISTIAN ANDREW',NULL),(49,'21-14-133','SALVADOR','AARON ANGELO',NULL),(50,'21-14-057','SAN','JOSE	LYNRYNE',NULL),(51,'21-14-134','SANTIAGO','JR.	LARRY',NULL),(52,'21-14-058','SELES','DIVINE TRIXY',NULL),(53,'21-14-060','TAJO','KARL CEDRIC',NULL),(54,'21-14-072','VARGAS','IVAN CHRISTOPHER',NULL),(55,'21-14-002','AGABON','FRANCIS KHLYE',NULL),(56,'21-14-099','ANDRES','MARK FRODO',NULL),(57,'21-14-005','ANTONIO','ERICK JAMES',NULL),(58,'21-14-201','ARCEO','ALDRIN',NULL),(59,'21-14-101','ASUNCION','KEVIN VICKMAR',NULL),(60,'21-14-006','BABISTA','LLOYD CLARENCE',NULL),(61,'21-14-068','BOLECHE','JOHN PATRICK',NULL),(62,'21-14-103','CALAOAGAN','JOSHUA',NULL),(63,'21-14-081','CAÑETE','DHARHELL',NULL),(64,'21-14-087','CUMAYAS','JAMES ANGELO',NULL),(65,'21-14-069','DANTE','NEIL MICHAEL',NULL),(66,'21-14-108','DEL','ROSARIO	LUCY MAE',NULL),(67,'21-14-039','DELA','CRUZ	MARTIN LEI',NULL),(68,'21-14-030','DEPOSITAR','JOHN DWAIN SHARDEEP',NULL),(69,'21-14-016','DIAZ','JR	RICKY',NULL),(70,'21-14-019','DINEROS','JEREMY LEE',NULL),(71,'21-14-021','DOROIN','CYRUS',NULL),(72,'21-14-023','EVANGELIO','ALECZANDRA NICOLE',NULL),(73,'21-14-067','GABIOSA','RASHEED',NULL),(74,'21-14-096','GALIT','GERALD',NULL),(75,'21-14-073','GARCIA','DANMAR',NULL),(76,'21-14-025','GARCIA','FRANCHESKA',NULL),(77,'21-14-074','GERONIMO','KEITH ALLEN',NULL),(78,'21-14-115','GUTIERREZ','AIRA MAE',NULL),(79,'21-14-142','HERNANDO','RHAYANA EHRIKA',NULL),(80,'21-14-031','IBAÑEZ','JAMES BARON',NULL),(81,'21-14-032','JAVIER','JOHN ABRAHM',NULL),(82,'21-14-033','LABUNGRAY','KRIZZEL',NULL),(83,'21-14-084','LANUZO','JOHN LUIS',NULL),(84,'21-14-034','LO','ADRIAN',NULL),(85,'21-14-070','LOPEZ','II	RENIE MAR',NULL),(86,'21-14-077','MACARAIG','MARK JOSEPH',NULL),(87,'21-14-040','MATIMTIM','JOHN MICHAEL',NULL),(88,'20-14-4607','MISTADES','MARK ANDREI',NULL),(89,'21-14-122','ONOFRE','REDXYRELL',NULL),(90,'21-14-045','PALACIO','R-JAY',NULL),(91,'21-14-092','PALARCA','GILLAINE',NULL),(92,'21-14-079','PANGANIBAN','NEIL ALLEN',NULL),(93,'21-14-047','PANZUELO','LUCKY EMMANUEL',NULL),(94,'21-14-083','PASAGUE','JOHN ADNEL',NULL),(95,'21-14-049','PENOLIO','MICAH',NULL),(96,'21-14-078','PINEDA','JANN JHUDIELLE',NULL),(97,'21-14-140','QUIMPO','PATRICIA',NULL),(98,'21-14-071','QUINTO','KLAYROLL IVAN',NULL),(99,'21-14-131','REATAZAN','CHRISTOPHER',NULL),(100,'21-14-054','ROMULO','KHAIL MICO',NULL),(101,'21-14-076','SAYAT','MARK BRYAN',NULL),(102,'21-14-135','SISON','JOHN ALBERT',NULL),(103,'21-14-062','TAN','AARON VINCE',NULL),(104,'20-14-3742','TAZARTE','REYCHAEL',NULL),(105,'21-14-063','TENORIO','VANESSA',NULL),(106,'21-14-066','UMALI','CAMILLA NATHALIA',NULL),(107,'21-14-095','VALDEZ','LUIS ANTONIO',NULL),(108,'24-22-011','ABUNGAN','RHEIN LASH',NULL),(109,'24-22-039','AMAGO','REYZAH MAY',NULL),(110,'24-22-287','ASPILLAGA','JHEYRONE',NULL),(111,'24-22-267','ATIBAGOS','DEO',NULL),(112,'24-22-282','BALAIS','RACE EION',NULL),(113,'24-22-036','BODOSO','MARIELLE',NULL),(114,'24-22-009','BORROMEO','ASIA LOUISE',NULL),(115,'24-22-025','CALMA','JYLIANA IYA',NULL),(116,'24-22-017','CANTALEJO','JERSEY REI',NULL),(117,'24-22-014','CAPIZ','JOHN CEDRICK',NULL),(118,'24-22-038','CARDENAS','JR.	ZOILO',NULL),(119,'24-22-007','CASINGINAN','JENNY-ROSE',NULL),(120,'24-22-251','CASTRO','KENNETH',NULL),(121,'24-22-252','COMENDADOR','PRESCIOUS JADE',NULL),(122,'24-22-040','COTIAMCO','JUDETHAVINCE',NULL),(123,'24-22-001','CRUZ','CHYRUS',NULL),(124,'24-22-301','DE','CASTRO	JOHN CARLO',NULL),(125,'24-22-020','DEGOMA','JHUSTIN',NULL),(126,'24-22-331','DELACRUZ','VANESSA',NULL),(127,'24-22-004','DONGALLO','FRANCIS',NULL),(128,'24-22-028','DULDULAO','MARK JESSE',NULL),(129,'24-22-272','ESTRADA','NHICKA ERRA',NULL),(130,'24-22-313','FAJARDO','ALESSANDRA',NULL),(131,'24-22-013','FARAON','CHRISTIAN JHAY',NULL),(132,'24-22-029','FERNANDEZ','KING',NULL),(133,'24-22-027','GECOSO','RAFFAELL JOHN',NULL),(134,'24-22-032','INDOLOS','DUSTIN KWERR',NULL),(135,'23-22-136','JASMIN','JENESIS CLAUDETTE',NULL),(136,'24-22-026','LABONG','KHAIZER CHARLES',NULL),(137,'24-22-319','LAPUZ','GERARD',NULL),(138,'24-22-021','LOZADA','JIMBOY',NULL),(139,'24-22-024','LUISTRO','KEVENLY',NULL),(140,'24-22-033','LUNA','CLARENCE JERALD',NULL),(141,'24-22-292','MADIS','JENIVIEVE',NULL),(142,'24-22-023','MANGALUS','JR.	MICHAEL',NULL),(143,'24-22-008','MARCHAN','RUSHA BELLE',NULL),(144,'24-22-010','MIGUEL','LJ JOURIE',NULL),(145,'24-22-337','OBLIGADO','MARK SIMON',NULL),(146,'24-22-035','OLIVEROS','JENMAR',NULL),(147,'24-22-022','PANER','RAPHAEL',NULL),(148,'24-22-031','PANTI','CHRISTIAN PATRICK',NULL),(149,'24-22-034','PLAGATA','AMARU CHRIS JUNIEL',NULL),(150,'24-22-006','PULO','ANDRE',NULL),(151,'24-22-030','PUNO','ASHLEY FAYE',NULL),(152,'24-22-325','ROLLO','CHRISTIAN DALE',NULL),(153,'24-22-018','SACLOLO','SOFIA ANN',NULL),(154,'24-22-002','SANTILLAN','JOHN MHARWIN',NULL),(155,'24-22-003','SAYCON','BJ',NULL),(156,'24-22-015','SENARLO','JUSTIN LLOYD',NULL),(157,'24-22-005','SUNGA','EZEKIEL',NULL),(158,'24-22-277','TAMPUS','JOHN MARC',NULL),(159,'24-22-016','TEJANO','VENZ LORENZE',NULL),(160,'24-22-345','TORRES','CLYDE DAYNELL',NULL),(161,'24-22-344','TREBITA','CLARENCE',NULL),(162,'24-22-037','VALDECANTOS','LANTIS',NULL),(163,'24-22-307','VILLABER','RODMAR',NULL),(164,'24-22-012','VILLARAMA','JASFER',NULL);
/*!40000 ALTER TABLE `students` ENABLE KEYS */;
UNLOCK TABLES;

--
-- Table structure for table `subjects`
--

DROP TABLE IF EXISTS `subjects`;
/*!40101 SET @saved_cs_client     = @@character_set_client */;
/*!40101 SET character_set_client = utf8 */;
CREATE TABLE `subjects` (
  `subject_id` int(11) NOT NULL AUTO_INCREMENT,
  `subject_code` varchar(20) DEFAULT NULL,
  `subject_name` varchar(100) DEFAULT NULL,
  PRIMARY KEY (`subject_id`)
) ENGINE=InnoDB AUTO_INCREMENT=4 DEFAULT CHARSET=utf8mb4 COLLATE=utf8mb4_general_ci;
/*!40101 SET character_set_client = @saved_cs_client */;

--
-- Dumping data for table `subjects`
--

LOCK TABLES `subjects` WRITE;
/*!40000 ALTER TABLE `subjects` DISABLE KEYS */;
INSERT INTO `subjects` VALUES (1,NULL,'Design Project 2'),(2,NULL,'Design Project 2'),(3,'','Introduction to Computing');
/*!40000 ALTER TABLE `subjects` ENABLE KEYS */;
UNLOCK TABLES;

--
-- Table structure for table `teachers`
--

DROP TABLE IF EXISTS `teachers`;
/*!40101 SET @saved_cs_client     = @@character_set_client */;
/*!40101 SET character_set_client = utf8 */;
CREATE TABLE `teachers` (
  `teacher_id` int(11) NOT NULL AUTO_INCREMENT,
  `username` varchar(50) DEFAULT NULL,
  `password_hash` varchar(255) DEFAULT NULL,
  `full_name` varchar(100) DEFAULT NULL,
  `email` varchar(100) DEFAULT NULL,
  PRIMARY KEY (`teacher_id`),
  UNIQUE KEY `username` (`username`)
) ENGINE=InnoDB AUTO_INCREMENT=5 DEFAULT CHARSET=utf8mb4 COLLATE=utf8mb4_general_ci;
/*!40101 SET character_set_client = @saved_cs_client */;

--
-- Dumping data for table `teachers`
--

LOCK TABLES `teachers` WRITE;
/*!40000 ALTER TABLE `teachers` DISABLE KEYS */;
INSERT INTO `teachers` VALUES (1,'epallasigue','$2y$10$9HBPq9Egb1Dp6X4VLvSIB.yPVdsh3DAO6z7KLQNlW65/wnxip/rCO','Erik Josef Pallasigue','ejaypallasigue@gmail.com'),(2,'marvin.edu','$2y$10$POBuTWXl2Mr24mfgZdbNIOa7prm1gQkCMZsQXh0iDAIY2pRoLK3QW','Marvin Angelo A. Dela Cruz','marvinangelo@gmail.com'),(3,'faculty','$2y$10$/ILWESAtYwUaWeMRXoE9Hu0WPFZElvzMxzU8td5Jai0iu/3o2pTTy','Faculty Tester','facultytesting@gmail.com'),(4,'Marjello','$2y$10$d3KXTeLEerqK62Tkm4k1/.PRkYtDIE7DXPm2B5SA4AALNbKiqA5sS','Marvin Angelo Dela Cruz','marjellodelacruz@gmail.com');
/*!40000 ALTER TABLE `teachers` ENABLE KEYS */;
UNLOCK TABLES;

--
-- Dumping events for database 'udm_class_record_db'
--

--
-- Dumping routines for database 'udm_class_record_db'
--
/*!40103 SET TIME_ZONE=@OLD_TIME_ZONE */;

/*!40101 SET SQL_MODE=@OLD_SQL_MODE */;
/*!40014 SET FOREIGN_KEY_CHECKS=@OLD_FOREIGN_KEY_CHECKS */;
/*!40014 SET UNIQUE_CHECKS=@OLD_UNIQUE_CHECKS */;
/*!40101 SET CHARACTER_SET_CLIENT=@OLD_CHARACTER_SET_CLIENT */;
/*!40101 SET CHARACTER_SET_RESULTS=@OLD_CHARACTER_SET_RESULTS */;
/*!40101 SET COLLATION_CONNECTION=@OLD_COLLATION_CONNECTION */;
/*!40111 SET SQL_NOTES=@OLD_SQL_NOTES */;

-- Dump completed on 2025-05-19  3:36:48
